count;max;mutid;#fold;learntime;#E;predtime;#Eon;#inter;+WG;+WT;+WTG;+WO;+WOG;+WN;+WNG;+WT*;+WT*G;+WZ;+WZG
1;599;1357749569402;1;18104;1975;6;1975;0;-1;1035;1035;1035;1035;1037;1037;1035;1035;1035;1035
2;599;1357753863015;1;18104;1975;4;1975;1;0;4;0;0;0;0;0;0;0;0;0
3;599;1357751782357;1;18104;1975;2;1975;2;-1;6;6;6;6;6;6;6;6;6;6
4;599;1357747996325;1;18104;1975;1;1975;9;4;1;1;1;1;1;1;1;1;1;1
5;599;1357752135116;1;18104;1975;1;1975;5;2;1;1;1;1;1;1;1;1;1;1
6;599;1357751697854;1;18104;1975;2;1975;1;-1;0;0;0;0;0;0;0;0;0;0
7;599;1357752940752;1;18104;1975;1;1975;0;-1;1;1;0;0;0;0;0;0;0;0
8;599;1357749897218;1;18104;1975;2;1975;2;1;4;0;2;0;2;0;2;0;2;0
9;599;1357747190168;1;18104;1975;2;1975;6;3;2;1;2;1;1;1;1;1;2;1
10;599;1357753546521;1;18104;1975;3;1975;2;1;17;0;0;0;0;0;0;0;0;0
11;599;1357753697941;1;18104;1975;2;1975;7;-1;4;4;1;1;1;1;1;1;1;1
12;599;1357750877071;1;18104;1975;1;1975;1;-1;0;0;0;0;0;0;0;0;0;0
13;599;1357749966174;1;18104;1975;1;1975;1;-1;0;0;0;0;0;0;0;0;0;0
14;599;1357750726453;1;18104;1975;1;1975;2;1;0;0;0;0;0;0;0;0;0;0
15;599;1357746494003;1;18104;1975;2;1975;25;12;0;0;0;0;0;0;0;0;0;0
16;599;1357753684614;1;18104;1975;1;1975;1;-1;0;0;0;0;0;0;0;0;0;0
17;599;1357749719039;1;18104;1975;2;1975;6;3;0;0;0;0;0;0;0;0;0;0
18;599;1357752324726;1;18104;1975;1;1975;3;-1;6;6;6;6;6;6;6;6;6;6
19;599;1357752900087;1;18104;1975;1;1975;1;-1;0;0;0;0;0;0;0;0;0;0
20;599;1357748695804;1;18104;1975;1;1975;2;1;0;0;0;0;0;0;0;0;0;0
21;599;1357748777087;1;18104;1975;1;1975;0;-1;1;1;0;0;0;0;0;0;0;0
22;599;1357750326490;1;18104;1975;1;1975;1;-1;0;0;0;0;0;0;0;0;0;0
23;599;1357752392044;1;18104;1975;2;1975;1;0;1;0;0;0;0;0;0;0;0;0
24;599;1357752857866;1;18104;1975;2;1975;12;-1;3;3;3;3;3;3;3;3;3;3
25;599;1357747396267;1;18104;1975;3;1975;10;-1;7;7;1;1;1;1;1;1;1;1
26;599;1357752788697;1;18104;1975;1;1975;2;1;0;0;0;0;0;0;0;0;0;0
27;599;1357748669064;1;18104;1975;2;1975;1;-1;1;1;1;1;1;1;1;1;1;1
28;599;1357748147029;1;18104;1975;2;1975;9;4;1;1;1;1;1;1;1;1;1;1
29;599;1357748024225;1;18104;1975;1;1975;1;-1;0;0;0;0;0;0;0;0;0;0
30;599;1357753229379;1;18104;1975;2;1975;9;4;17;6;17;6;16;6;16;6;16;6
31;599;1357750602686;1;18104;1975;1;1975;0;-1;1;1;0;0;0;0;0;0;0;0
32;599;1357752983205;1;18104;1975;1;1975;1;0;1;0;0;0;0;0;0;0;0;0
33;599;1357751366289;1;18104;1975;1;1975;1;0;1;0;0;0;0;0;0;0;0;0
34;599;1357746562084;1;18104;1975;1;1975;7;3;3;1;2;1;2;1;2;1;2;1
35;599;1357749816091;1;18104;1975;1;1975;1;0;6;0;5;0;0;0;0;0;5;0
36;599;1357749529232;1;18104;1975;1;1975;1;-1;0;0;0;0;0;0;0;0;0;0
37;599;1357749829621;1;18104;1975;9;1975;1;-1;1;1;1;1;1;1;1;1;1;1
38;599;1357751244440;1;18104;1975;8;1975;7;3;10;1;3;1;3;1;3;1;3;1
39;599;1357749147198;1;18104;1975;2;1975;2;-1;1;1;1;1;1;1;1;1;1;1
40;599;1357747272315;1;18104;1975;2;1975;0;-1;4;4;0;0;0;0;0;0;0;0
41;599;1357753836141;1;18104;1975;1;1975;0;-1;0;0;0;0;0;0;0;0;0;0
42;599;1357751490393;1;18104;1975;1;1975;2;1;0;0;0;0;0;0;0;0;0;0
43;599;1357752706475;1;18104;1975;2;1975;0;-1;1;1;0;0;0;0;0;0;0;0
44;599;1357748817921;1;18104;1975;1;1975;10;5;9;3;8;3;8;3;8;3;8;3
45;599;1357750354179;1;18104;1975;2;1975;10;-1;0;0;0;0;0;0;0;0;0;0
46;599;1357749053739;1;18104;1975;2;1975;1;-1;1;1;1;1;1;1;1;1;1;1
47;599;1357750271556;1;18104;1975;4;1975;2;-1;20;20;13;13;1039;1039;10;10;15;15
48;599;1357752651651;1;18104;1975;2;1975;0;-1;1;1;0;0;0;0;0;0;0;0
49;599;1357748009979;1;18104;1975;7;1975;0;-1;4;4;0;0;0;0;0;0;0;0
50;599;1357745925221;1;18104;1975;1;1975;8;4;1;1;1;1;1;1;1;1;1;1
51;599;1357752584189;1;18104;1975;7;1975;9;4;21;2;0;0;0;0;0;0;0;0
52;599;1357749788423;1;18104;1975;2;1975;4;2;2;1;2;1;2;1;2;1;2;1
53;599;1357746763070;1;18104;1975;4;1975;7;-1;8;8;3;3;3;3;3;3;3;3
54;599;1357752489449;1;18104;1975;1;1975;0;-1;8;8;2;2;0;0;0;0;0;0
55;599;1357753009962;1;18104;1975;2;1975;1;-1;0;0;0;0;0;0;0;0;0;0
56;599;1357748872894;1;18104;1975;1;1975;1;-1;0;0;0;0;0;0;0;0;0;0
57;599;1357746549084;1;18104;1975;2;1975;7;3;3;1;2;1;2;1;2;1;2;1
58;599;1357750532920;1;18104;1975;1;1975;1;-1;0;0;0;0;0;0;0;0;0;0
59;599;1357748737147;1;18104;1975;1;1975;1;-1;0;0;0;0;0;0;0;0;0;0
60;599;1357752996967;2;18104;1958;1;1958;1;-1;0;0;0;0;0;0;0;0;0;0
61;599;1357753243928;2;18104;1958;1;1958;2;1;0;0;0;0;0;0;0;0;0;0
62;599;1357751504474;2;18104;1958;9;1958;0;-1;2;2;0;0;0;0;0;0;0;0
63;599;1357751463116;2;18104;1958;1;1958;1;-1;0;0;0;0;0;0;0;0;0;0
64;599;1357753117392;2;18104;1958;2;1958;0;-1;1;1;0;0;0;0;0;0;0;0
65;599;1357748174723;2;18104;1958;2;1958;0;-1;2;2;0;0;0;0;0;0;0;0
66;599;1357748450727;2;18104;1958;2;1958;3;1;0;0;0;0;0;0;0;0;0;0
67;599;1357749312004;2;18104;1958;2;1958;2;1;0;0;0;0;0;0;0;0;0;0
68;599;1357750630606;2;18104;1958;1;1958;1;0;1;0;0;0;0;0;0;0;0;0
69;599;1357753367265;2;18104;1958;2;1958;2;1;0;0;0;0;0;0;0;0;0;0
70;599;1357753285352;2;18104;1958;2;1958;9;4;1;0;0;0;0;0;0;0;0;0
71;599;1357751933102;2;18104;1958;1;1958;2;1;0;0;0;0;0;0;0;0;0;0
72;599;1357750396352;2;18104;1958;6;1958;0;-1;6;6;0;0;0;0;0;0;0;0
73;599;1357750119848;2;18104;1958;2;1958;1;-1;0;0;0;0;0;0;0;0;0;0
74;599;1357746576009;2;18104;1958;2;1958;10;5;6;3;4;2;4;2;4;2;4;2
75;599;1357752217277;2;18104;1958;2;1958;0;-1;2;2;2;2;1037;1037;2;2;2;2
76;599;1357752885291;2;18104;1958;2;1958;1;-1;0;0;0;0;0;0;0;0;0;0
77;599;1357753917950;2;18104;1958;3;1958;0;-1;8;8;0;0;0;0;0;0;0;0
78;599;1357747503800;2;18104;1958;2;1958;1;-1;0;0;0;0;0;0;0;0;0;0
79;599;1357751230692;2;18104;1958;2;1958;1;-1;13;13;1;1;1;1;1;1;1;1
80;599;1357746944853;2;18104;1958;2;1958;0;-1;0;0;0;0;0;0;0;0;0;0
81;599;1357748422809;2;18104;1958;1;1958;0;-1;1;1;0;0;0;0;0;0;0;0
82;599;1357750658126;2;18104;1958;2;1958;9;4;3;2;3;2;3;2;3;2;3;2
83;599;1357748297614;2;18104;1958;1;1958;2;1;0;0;0;0;0;0;0;0;0;0
84;599;1357746062629;2;18104;1958;2;1958;10;5;5;1;5;1;5;1;5;1;5;1
85;599;1357753711778;2;18104;1958;1;1958;2;1;0;0;0;0;0;0;0;0;0;0
86;599;1357750686396;2;18104;1958;1;1958;1;-1;3;3;3;3;3;3;3;3;3;3
87;599;1357748106788;2;18104;1958;18;1958;0;-1;16;16;0;0;1037;1037;18;18;0;0
88;599;1357747285779;2;18104;1958;2;1958;6;3;0;0;0;0;0;0;0;0;0;0
89;599;1357750506740;2;18104;1958;1;1958;1;-1;0;0;0;0;0;0;0;0;0;0
90;599;1357752502474;2;18104;1958;2;1958;5;2;1;1;1;1;1;1;1;1;1;1
91;599;1357746643555;2;18104;1958;1;1958;3;1;1;0;0;0;0;0;0;0;0;0
92;599;1357750191198;2;18104;1958;1;1958;1;-1;0;0;0;0;0;0;0;0;0;0
93;599;1357747737537;2;18104;1958;1;1958;0;-1;5;5;0;0;0;0;0;0;0;0
94;599;1357745911399;2;18104;1958;2;1958;8;4;18;2;13;2;9;2;9;2;12;2
95;599;1357747750551;2;18104;1958;2;1958;0;-1;1;1;0;0;0;0;0;0;0;0
96;599;1357747859283;2;18104;1958;1;1958;12;6;1;1;1;1;1;1;1;1;1;1
97;599;1357746239005;2;18104;1958;2;1958;6;3;0;0;0;0;0;0;0;0;0;0
98;599;1357749229986;2;18104;1958;2;1958;8;4;1;0;0;0;0;0;0;0;0;0
99;599;1357748573830;2;18104;1958;1;1958;2;-1;1;1;1;1;1;1;1;1;1;1
100;599;1357746750191;2;18104;1958;1;1958;2;1;1;1;1;1;1;1;1;1;1;1
101;599;1357751906915;2;18104;1958;2;1958;17;8;3;2;3;2;3;2;3;2;3;2
102;599;1357747653557;2;18104;1958;2;1958;0;-1;2;2;0;0;0;0;0;0;0;0
103;599;1357753435411;2;18104;1958;2;1958;1;-1;1;1;1;1;1;1;1;1;1;1
104;599;1357748464473;2;18104;1958;1;1958;0;-1;2;2;1;1;1;1;1;1;1;1
105;599;1357751602339;2;18104;1958;2;1958;1;-1;0;0;0;0;0;0;0;0;0;0
106;599;1357752665351;2;18104;1958;2;1958;1;0;1;0;0;0;0;0;0;0;0;0
107;599;1357746972195;2;18104;1958;2;1958;12;6;13;8;6;4;4;3;4;3;6;4
108;599;1357752680279;2;18104;1958;2;1958;25;12;35;10;35;10;35;10;35;10;35;10
109;599;1357747451226;2;18104;1958;2;1958;1;0;0;0;0;0;0;0;0;0;0;0
110;599;1357747777256;2;18104;1958;5;1958;11;5;6;1;0;0;0;0;0;0;0;0
111;599;1357747900754;2;18104;1958;1;1958;4;2;1;1;1;1;1;1;1;1;1;1
112;599;1357752162842;2;18104;1958;3;1958;9;4;2;0;1;0;1;0;1;0;1;0
113;599;1357747025755;2;18104;1958;1;1958;2;1;0;0;0;0;0;0;0;0;0;0
114;599;1357749651082;2;18104;1958;1;1958;3;1;1;1;0;0;0;0;0;0;0;0
115;599;1357750768409;2;18104;1958;1;1958;10;-1;2;2;2;2;0;0;0;0;1;1
116;599;1357752530256;2;18104;1958;2;1958;5;2;1;1;1;1;1;1;1;1;1;1
117;599;1357753615027;2;18104;1958;2;1958;1;-1;0;0;0;0;0;0;0;0;0;0
118;599;1357747668363;2;18104;1958;2;1958;0;-1;1;1;0;0;0;0;0;0;0;0
119;599;1357749093433;3;18104;1947;13;1947;24;-1;9;9;0;0;0;0;0;0;0;0
120;599;1357747477200;3;18104;1947;2;1947;0;-1;1;1;0;0;0;0;0;0;0;0
121;599;1357753159900;3;18104;1947;1;1947;2;1;0;0;0;0;0;0;0;0;0;0
122;599;1357753449970;3;18104;1947;1;1947;1;0;1;0;0;0;0;0;0;0;0;0
123;599;1357750519769;3;18104;1947;3;1947;8;4;5;1;1;1;1;1;1;1;1;1
124;599;1357747217420;3;18104;1947;4;1947;11;5;7;1;0;0;0;0;0;0;0;0
125;599;1357752190560;3;18104;1947;2;1947;0;-1;1;1;0;0;0;0;0;0;0;0
126;599;1357752014316;3;18104;1947;2;1947;5;2;0;0;0;0;0;0;0;0;0;0
127;599;1357749256839;3;18104;1947;3;1947;9;4;3;2;3;2;3;2;3;2;3;2
128;599;1357749761059;3;18104;1947;1;1947;1;0;0;0;0;0;0;0;0;0;0;0
129;599;1357751893476;3;18104;1947;2;1947;9;-1;45;45;41;41;21;21;21;21;28;28
130;599;1357746521502;3;18104;1947;4;1947;0;-1;10;10;2;2;2;2;2;2;2;2
131;599;1357752270924;3;18104;1947;2;1947;8;4;10;2;3;2;3;2;3;2;3;2
132;599;1357746278199;3;18104;1947;2;1947;12;6;3;1;2;1;1;1;1;1;2;1
133;599;1357747518792;3;18104;1947;1;1947;0;-1;8;8;0;0;0;0;0;0;0;0
134;599;1357753601390;3;18104;1947;1;1947;1;-1;4;4;4;4;4;4;4;4;4;4
135;599;1357749080028;3;18104;1947;4;1947;0;-1;7;7;3;3;0;0;0;0;1;1
136;599;1357752543830;3;18104;1947;2;1947;15;7;6;1;6;1;6;1;6;1;6;1
137;599;1357750134597;3;18104;1947;2;1947;0;-1;4;4;0;0;0;0;0;0;0;0
138;599;1357746033451;3;18104;1947;2;1947;26;13;3;2;3;2;3;2;3;2;3;2
139;599;1357747585164;3;18104;1947;1;1947;2;1;0;0;0;0;0;0;0;0;0;0
140;599;1357748791208;3;18104;1947;2;1947;12;6;13;7;6;3;3;2;3;2;6;3
141;599;1357752364597;3;18104;1947;2;1947;2;1;0;0;0;0;0;0;0;0;0;0
142;599;1357753780318;3;18104;1947;2;1947;2;1;1;0;0;0;0;0;0;0;0;0
143;599;1357749366408;3;18104;1947;2;1947;1;0;1;0;0;0;0;0;0;0;0;0
144;599;1357749173586;3;18104;1947;2;1947;1;-1;1;1;1;1;1;1;1;1;1;1
145;599;1357751920085;3;18104;1947;1;1947;1;0;2;0;1;0;0;0;0;0;1;0
146;599;1357748490927;3;18104;1947;1;1947;0;-1;0;0;0;0;0;0;0;0;0;0
147;599;1357747339826;3;18104;1947;2;1947;1;-1;0;0;0;0;0;0;0;0;0;0
148;599;1357753188518;3;18104;1947;1;1947;1;-1;0;0;0;0;0;0;0;0;0;0
149;599;1357752177349;3;18104;1947;1;1947;1;-1;0;0;0;0;0;0;0;0;0;0
150;599;1357749692063;3;18104;1947;3;1947;29;14;2;0;0;0;0;0;0;0;0;0
151;599;1357746103388;3;18104;1947;2;1947;1;-1;0;0;0;0;0;0;0;0;0;0
152;599;1357750740122;3;18104;1947;2;1947;2;1;0;0;0;0;0;0;0;0;0;0
153;599;1357746791548;3;18104;1947;2;1947;8;4;8;2;2;2;2;2;2;2;2;2
154;599;1357747353388;3;18104;1947;5;1947;0;-1;35;35;7;7;0;0;0;0;0;0
155;599;1357746144546;3;18104;1947;1;1947;1;-1;1;1;1;1;1;1;1;1;1;1
156;599;1357752055062;3;18104;1947;2;1947;3;1;2;0;2;0;2;0;2;0;2;0
157;599;1357747723218;3;18104;1947;1;1947;1;-1;0;0;0;0;0;0;0;0;0;0
158;599;1357746985283;3;18104;1947;1;1947;0;-1;0;0;0;0;1037;1037;0;0;0;0
159;599;1357753131218;3;18104;1947;2;1947;3;1;1;1;0;0;0;0;0;0;0;0
160;599;1357753271169;3;18104;1947;1;1947;1;-1;0;0;0;0;0;0;0;0;0;0
161;599;1357749270776;3;18104;1947;1;1947;4;2;0;0;0;0;0;0;0;0;0;0
162;599;1357746888983;3;18104;1947;2;1947;0;-1;3;3;1;1;1;1;1;1;1;1
163;599;1357746958665;3;18104;1947;2;1947;15;7;1;1;1;1;1;1;1;1;1;1
164;599;1357753533089;3;18104;1947;3;1947;7;3;15;1;4;1;4;1;4;1;4;1
165;599;1357751946506;3;18104;1947;2;1947;1;-1;0;0;0;0;0;0;0;0;0;0
166;599;1357747204101;3;18104;1947;2;1947;1;-1;0;0;0;0;0;0;0;0;0;0
167;599;1357746426866;3;18104;1947;2;1947;1;0;1;0;0;0;0;0;0;0;0;0
168;599;1357751083344;3;18104;1947;2;1947;4;-1;1;1;1;1;1;1;1;1;1;1
169;599;1357747954233;3;18104;1947;2;1947;3;1;0;0;0;0;0;0;0;0;0;0
170;599;1357748064788;3;18104;1947;2;1947;0;-1;1;1;1;1;0;0;0;0;0;0
171;599;1357749066739;3;18104;1947;2;1947;21;10;3;1;1;1;1;1;1;1;1;1
172;599;1357750149629;3;18104;1947;2;1947;11;5;3;0;1;0;1;0;1;0;1;0
173;599;1357752926592;3;18104;1947;2;1947;1;-1;0;0;0;0;0;0;0;0;0;0
174;599;1357748188392;3;18104;1947;1;1947;0;-1;2;2;1;1;0;0;0;0;0;0
175;599;1357752557608;3;18104;1947;1;1947;1;-1;0;0;0;0;0;0;0;0;0;0
176;599;1357751096748;3;18104;1947;1;1947;2;1;0;0;0;0;0;0;0;0;0;0
177;599;1357750986181;3;18104;1947;2;1947;1;-1;0;0;0;0;0;0;0;0;0;0
178;599;1357749435184;4;18104;1976;1;1976;1;-1;0;0;0;0;0;0;0;0;0;0
179;599;1357753822852;4;18104;1976;1;1976;2;1;0;0;0;0;0;0;0;0;0;0
180;599;1357750795327;4;18104;1976;1;1976;3;1;1;1;1;1;1;1;1;1;1;1
181;599;1357749325221;4;18104;1976;1;1976;0;-1;2;2;0;0;0;0;0;0;0;0
182;599;1357751769326;4;18104;1976;1;1976;1;-1;0;0;0;0;0;0;0;0;0;0
183;599;1357752297656;4;18104;1976;1;1976;3;1;1;1;1;1;1;1;1;1;1;1
184;599;1357747079852;4;18104;1976;1;1976;2;1;0;0;0;0;0;0;0;0;0;0
185;599;1357750006195;4;18104;1976;2;1976;0;-1;1;1;0;0;0;0;0;0;0;0
186;599;1357745799797;4;18104;1976;3;1976;7;3;21;4;10;4;10;4;10;4;10;4
187;599;1357746292098;4;18104;1976;1;1976;7;3;3;1;2;1;2;1;2;1;2;1
188;599;1357752516652;4;18104;1976;2;1976;2;-1;3;3;1;1;1;1;1;1;1;1
189;599;1357751013615;4;18104;1976;1;1976;1;-1;0;0;0;0;0;0;0;0;0;0
190;599;1357752475928;4;18104;1976;1;1976;1;0;1;0;1;0;0;0;0;0;1;0
191;599;1357753145901;4;18104;1976;1;1976;1;-1;0;0;0;0;0;0;0;0;0;0
192;599;1357751795417;4;18104;1976;2;1976;1;-1;1;1;1;1;1;1;1;1;1;1
193;599;1357752351418;4;18104;1976;1;1976;5;2;1;1;1;1;1;1;1;1;1;1
194;599;1357748956688;4;18104;1976;1;1976;15;7;0;0;0;0;0;0;0;0;0;0
195;599;1357745965343;4;18104;1976;2;1976;1;-1;0;0;0;0;0;0;0;0;0;0
196;599;1357752954779;4;18104;1976;2;1976;1;-1;0;0;0;0;0;0;0;0;0;0
197;599;1357746682431;4;18104;1976;1;1976;10;5;2;1;1;1;1;1;1;1;1;1
198;599;1357751727355;4;18104;1976;2;1976;0;-1;1;1;0;0;0;0;0;0;0;0
199;599;1357749543030;4;18104;1976;5;1976;3;1;0;0;0;0;0;0;0;0;0;0
200;599;1357752969119;4;18104;1976;2;1976;2;1;17;0;0;0;0;0;0;0;0;0
201;599;1357753298882;4;18104;1976;2;1976;3;1;1;1;1;1;1;1;1;1;1;1
202;599;1357753766639;4;18104;1976;1;1976;1;-1;0;0;0;0;0;0;0;0;0;0
203;599;1357746157889;4;18104;1976;2;1976;2;1;0;0;0;0;0;0;0;0;0;0
204;599;1357751137134;4;18104;1976;2;1976;2;1;0;0;0;0;0;0;0;0;0;0
205;599;1357745675477;4;18104;1976;2;1976;12;6;0;0;0;0;0;0;0;0;0;0
206;599;1357751327277;4;18104;1976;2;1976;0;-1;0;0;0;0;0;0;0;0;0;0
207;599;1357746453878;4;18104;1976;1;1976;3;1;0;0;0;0;0;0;0;0;0;0
208;599;1357753104301;4;18104;1976;2;1976;13;6;3;0;0;0;0;0;0;0;0;0
209;599;1357747845909;4;18104;1976;2;1976;2;1;1;1;0;0;0;0;0;0;0;0
210;599;1357749610352;4;18104;1976;2;1976;0;-1;2;2;0;0;0;0;0;0;0;0
211;599;1357749501444;4;18104;1976;1;1976;2;-1;0;0;0;0;0;0;0;0;0;0
212;599;1357752598599;4;18104;1976;2;1976;6;3;1;1;1;1;1;1;1;1;1;1
213;599;1357751272566;4;18104;1976;2;1976;2;1;1;0;0;0;0;0;0;0;0;0
214;599;1357746198693;4;18104;1976;4;1976;7;3;11;0;0;0;0;0;0;0;0;0
215;599;1357748353918;4;18104;1976;1;1976;0;-1;8;8;0;0;0;0;0;0;0;0
216;599;1357746412884;4;18104;1976;1;1976;1;-1;1;1;1;1;1;1;1;1;1;1
217;599;1357747790407;4;18104;1976;1;1976;2;1;0;0;0;0;0;0;0;0;0;0
218;599;1357750672180;4;18104;1976;1;1976;1;-1;0;0;0;0;0;0;0;0;0;0
219;599;1357752844571;4;18104;1976;1;1976;0;-1;2;2;1;1;0;0;0;0;0;0
220;599;1357753519180;4;18104;1976;1;1976;2;1;0;0;0;0;0;0;0;0;0;0
221;599;1357750105090;4;18104;1976;2;1976;2;1;0;0;0;0;0;0;0;0;0;0
222;599;1357753504415;4;18104;1976;2;1976;1;-1;0;0;0;0;0;0;0;0;0;0
223;599;1357753628102;4;18104;1976;2;1976;2;1;0;0;0;0;0;0;0;0;0;0
224;599;1357750972357;4;18104;1976;2;1976;9;-1;15;15;3;3;3;3;3;3;3;3
225;599;1357746131336;4;18104;1976;1;1976;2;1;0;0;0;0;0;0;0;0;0;0
226;599;1357750257808;4;18104;1976;2;1976;4;2;2;1;2;1;2;1;2;1;2;1
227;599;1357747423412;4;18104;1976;2;1976;2;1;0;0;0;0;0;0;0;0;0;0
228;599;1357749705671;4;18104;1976;1;1976;6;3;0;0;0;0;0;0;0;0;0;0
229;599;1357751150160;4;18104;1976;2;1976;4;2;2;0;0;0;0;0;0;0;0;0
230;599;1357750493256;4;18104;1976;2;1976;1;-1;1;1;1;1;1;1;1;1;1;1
231;599;1357753904148;4;18104;1976;2;1976;0;-1;2;2;0;0;0;0;0;0;0;0
232;599;1357746399931;4;18104;1976;1;1976;0;-1;0;0;0;0;0;0;0;0;0;0
233;599;1357749024789;4;18104;1976;2;1976;2;1;0;0;0;0;0;0;0;0;0;0
234;599;1357753023069;4;18104;1976;1;1976;1;-1;0;0;0;0;0;0;0;0;0;0
235;599;1357748560302;4;18104;1976;2;1976;9;4;0;0;0;0;0;0;0;0;0;0
236;599;1357748763710;4;18104;1976;2;1976;1;-1;0;0;0;0;0;0;0;0;0;0
237;599;1357751560737;5;18104;2007;1;2007;1;0;1;0;0;0;0;0;0;0;0;0
238;599;1357749774957;5;18104;2007;1;2007;2;1;0;0;0;0;0;0;0;0;0;0
239;599;1357749801517;5;18104;2007;1;2007;6;3;9;3;9;3;9;3;9;3;9;3
240;599;1357746172307;5;18104;2007;1;2007;0;-1;1;1;0;0;0;0;0;0;0;0
241;599;1357753076551;5;18104;2007;1;2007;0;-1;1;1;0;0;0;0;0;0;0;0
242;599;1357747599192;5;18104;2007;2;2007;2;1;1;1;1;1;1;1;1;1;1;1
243;599;1357753257554;5;18104;2007;2;2007;2;1;0;0;0;0;0;0;0;0;0;0
244;599;1357752719976;5;18104;2007;2;2007;0;-1;4;4;0;0;0;0;0;0;0;0
245;599;1357746089964;5;18104;2007;2;2007;0;-1;1;1;0;0;0;0;0;0;0;0
246;599;1357750546995;5;18104;2007;2;2007;7;3;3;1;2;1;2;1;2;1;2;1
247;599;1357750560541;5;18104;2007;1;2007;1;-1;0;0;0;0;0;0;0;0;0;0
248;599;1357749420656;5;18104;2007;2;2007;2;-1;1;1;1;1;1;1;1;1;1;1
249;599;1357753313256;5;18104;2007;2;2007;1;0;1;0;1;0;0;0;0;0;1;0
250;599;1357748257925;5;18104;2007;2;2007;1;0;0;0;0;0;0;0;0;0;0;0
251;599;1357747148619;5;18104;2007;2;2007;0;-1;1;1;0;0;0;0;0;0;0;0
252;599;1357746373602;5;18104;2007;1;2007;1;-1;0;0;0;0;0;0;0;0;0;0
253;599;1357749011400;5;18104;2007;1;2007;1;-1;0;0;0;0;0;0;0;0;0;0
254;599;1357748997885;5;18104;2007;2;2007;3;1;1;1;1;1;1;1;1;1;1;1
255;599;1357752244860;5;18104;2007;2;2007;2;1;0;0;0;0;0;0;0;0;0;0
256;599;1357747818341;5;18104;2007;1;2007;10;5;1;0;0;0;0;0;0;0;0;0
257;599;1357747258823;5;18104;2007;4;2007;0;-1;6;6;0;0;0;0;0;0;0;0
258;599;1357751879219;5;18104;2007;2;2007;5;2;1;1;1;1;1;1;1;1;1;1
259;599;1357747531852;5;18104;2007;1;2007;2;1;0;0;0;0;0;0;0;0;0;0
260;599;1357747982550;5;18104;2007;3;2007;11;5;1;0;0;0;0;0;0;0;0;0
261;599;1357749596918;5;18104;2007;2;2007;27;13;1;1;1;1;1;1;1;1;1;1
262;599;1357748641602;5;18104;2007;2;2007;2;1;0;0;0;0;0;0;0;0;0;0
263;599;1357752068170;5;18104;2007;4;2007;0;-1;36;36;1;1;0;0;0;0;1;1
264;599;1357750178089;5;18104;2007;2;2007;22;11;1;0;0;0;0;0;0;0;0;0
265;599;1357750918391;5;18104;2007;2;2007;2;1;0;0;0;0;0;0;0;0;0;0
266;599;1357752284218;5;18104;2007;1;2007;1;-1;0;0;0;0;0;0;0;0;0;0
267;599;1357745978747;5;18104;2007;1;2007;3;1;1;1;1;1;1;1;1;1;1;1
268;599;1357749338627;5;18104;2007;2;2007;25;-1;15;15;15;15;9;9;9;9;12;12
269;599;1357747313720;5;18104;2007;1;2007;25;12;3;2;3;2;3;2;3;2;3;2
270;599;1357749488522;5;18104;2007;2;2007;1;0;1;0;0;0;0;0;0;0;0;0
271;599;1357751533451;5;18104;2007;2;2007;0;-1;1;1;1;1;0;0;0;0;1;1
272;599;1357751852216;5;18104;2007;2;2007;2;1;0;0;0;0;0;0;0;0;0;0
273;599;1357748120316;5;18104;2007;2;2007;2;1;0;0;0;0;0;0;0;0;0;0
274;599;1357747913910;5;18104;2007;1;2007;8;4;1;1;1;1;1;1;1;1;1;1
275;599;1357749869300;5;18104;2007;2;2007;1;0;19;0;1;0;1;0;1;0;1;0
276;599;1357752611644;5;18104;2007;2;2007;1;-1;0;0;0;0;0;0;0;0;0;0
277;599;1357753216368;5;18104;2007;1;2007;3;1;0;0;0;0;0;0;0;0;0;0
278;599;1357752041522;5;18104;2007;2;2007;0;-1;0;0;0;0;0;0;0;0;0;0
279;599;1357752571142;5;18104;2007;2;2007;3;1;8;0;4;0;0;0;0;0;4;0
280;599;1357749938612;5;18104;2007;1;2007;1;-1;1;1;1;1;1;1;1;1;1;1
281;599;1357750823394;5;18104;2007;2;2007;1;0;0;0;0;0;0;0;0;0;0;0
282;599;1357753669983;5;18104;2007;1;2007;2;1;0;0;0;0;0;0;0;0;0;0
283;599;1357753490854;5;18104;2007;1;2007;2;1;0;0;0;0;0;0;0;0;0;0
284;599;1357748202000;5;18104;2007;1;2007;1;0;2;0;0;0;0;0;0;0;0;0
285;599;1357749993134;5;18104;2007;1;2007;5;2;2;1;2;1;2;1;2;1;2;1
286;599;1357751657588;5;18104;2007;2;2007;13;6;3;0;0;0;0;0;0;0;0;0
287;599;1357748229644;5;18104;2007;1;2007;10;5;1;0;0;0;0;0;0;0;0;0
288;599;1357747300254;5;18104;2007;2;2007;0;-1;6;6;0;0;0;0;0;0;0;0
289;599;1357749352125;5;18104;2007;2;2007;4;2;0;0;0;0;0;0;0;0;0;0
290;599;1357749882744;5;18104;2007;2;2007;1;-1;1;1;1;1;1;1;1;1;1;1
291;599;1357748312283;5;18104;2007;2;2007;3;1;0;0;0;0;0;0;0;0;0;0
292;599;1357750340322;5;18104;2007;2;2007;2;1;0;0;0;0;0;0;0;0;0;0
293;599;1357748477815;5;18104;2007;5;2007;29;14;0;0;0;0;0;0;0;0;0;0
294;599;1357751547053;5;18104;2007;1;2007;0;-1;1;1;0;0;0;0;0;0;0;0
295;599;1357750699538;5;18104;2007;2;2007;22;-1;1;1;0;0;0;0;0;0;0;0
296;599;1357747764187;6;18104;1983;1;1983;1;-1;0;0;0;0;0;0;0;0;0;0
297;599;1357750781719;6;18104;1983;1;1983;2;1;1;0;0;0;0;0;0;0;0;0
298;599;1357748215413;6;18104;1983;1;1983;6;3;0;0;0;0;0;0;0;0;0;0
299;599;1357747887144;6;18104;1983;1;1983;1;-1;0;0;0;0;0;0;0;0;0;0
300;599;1357745992809;6;18104;1983;1;1983;10;5;7;4;5;3;5;3;5;3;5;3
301;599;1357753089626;6;18104;1983;1;1983;8;4;1;1;1;1;1;1;1;1;1;1
302;599;1357746386585;6;18104;1983;1;1983;12;6;0;0;0;0;0;0;0;0;0;0
303;599;1357749133869;6;18104;1983;1;1983;1;-1;0;0;0;0;0;0;0;0;0;0
304;599;1357746212919;6;18104;1983;1;1983;6;3;0;0;0;0;0;0;0;0;0;0
305;599;1357746305410;6;18104;1983;1;1983;5;2;0;0;0;0;0;0;0;0;0;0
306;599;1357748928728;6;18104;1983;1;1983;5;2;1;1;1;1;1;1;1;1;1;1
307;599;1357749582541;6;18104;1983;1;1983;1;-1;0;0;0;0;0;0;0;0;0;0
308;599;1357747940682;6;18104;1983;2;1983;0;-1;1;1;0;0;0;0;0;0;0;0
309;599;1357749448106;6;18104;1983;1;1983;1;-1;0;0;0;0;0;0;0;0;0;0
310;599;1357751300087;6;18104;1983;2;1983;6;3;9;3;9;3;9;3;9;3;9;3
311;599;1357746695508;6;18104;1983;2;1983;10;5;7;4;5;3;5;3;5;3;5;3
312;599;1357752775263;6;18104;1983;1;1983;5;2;1;1;1;1;1;1;1;1;1;1
313;599;1357747544615;6;18104;1983;1;1983;3;1;5;0;1;0;1;0;1;0;1;0
314;599;1357748284081;6;18104;1983;1;1983;4;2;0;0;0;0;0;0;0;0;0;0
315;599;1357749393922;6;18104;1983;2;1983;2;1;0;0;0;0;0;0;0;0;0;0
316;599;1357748395615;6;18104;1983;1;1983;0;-1;1;1;0;0;0;0;0;0;0;0
317;599;1357748518699;6;18104;1983;1;1983;1;-1;0;0;0;0;0;0;0;0;0;0
318;599;1357751476690;6;18104;1983;1;1983;2;-1;0;0;0;0;0;0;0;0;0;0
319;599;1357751042753;6;18104;1983;2;1983;1;0;1;0;0;0;0;0;0;0;0;0
320;599;1357749038257;6;18104;1983;2;1983;1;-1;0;0;0;0;0;0;0;0;0;0
321;599;1357751447942;6;18104;1983;2;1983;1;0;4;0;0;0;0;0;0;0;0;0
322;599;1357753655113;6;18104;1983;2;1983;10;5;1;0;1;0;0;0;0;0;0;0
323;599;1357748051755;6;18104;1983;2;1983;3;1;7;0;1;0;1;0;1;0;1;0
324;599;1357750957949;6;18104;1983;1;1983;5;2;3;3;3;3;3;3;3;3;3;3
325;599;1357753340733;6;18104;1983;2;1983;0;-1;1;1;0;0;0;0;0;0;0;0
326;599;1357748532310;6;18104;1983;2;1983;2;1;0;0;0;0;0;0;0;0;0;0
327;599;1357746832515;6;18104;1983;2;1983;9;4;2;1;2;1;2;1;2;1;2;1
328;599;1357748914014;6;18104;1983;1;1983;4;2;0;0;0;0;0;0;0;0;0;0
329;599;1357749201642;6;18104;1983;1;1983;1;-1;0;0;0;0;0;0;0;0;0;0
330;599;1357747052530;6;18104;1983;2;1983;1;-1;0;0;0;0;0;0;0;0;0;0
331;599;1357749475505;6;18104;1983;1;1983;0;-1;1;1;0;0;0;0;0;0;0;0
332;599;1357750451146;6;18104;1983;2;1983;12;6;15;4;14;3;5;3;5;3;14;3
333;599;1357752257962;6;18104;1983;1;1983;0;-1;1;1;0;0;0;0;0;0;0;0
334;599;1357753573924;6;18104;1983;1;1983;0;-1;2;2;1;1;1;1;1;1;1;1
335;599;1357751204413;6;18104;1983;1;1983;0;-1;0;0;0;0;0;0;0;0;0;0
336;599;1357752108575;6;18104;1983;2;1983;0;-1;1;1;0;0;0;0;0;0;0;0
337;599;1357748804829;6;18104;1983;1;1983;2;1;0;0;0;0;0;0;0;0;0;0
338;599;1357752913099;6;18104;1983;2;1983;5;2;2;0;0;0;0;0;0;0;0;0
339;599;1357749515676;6;18104;1983;1;1983;1;-1;0;0;0;0;0;0;0;0;0;0
340;599;1357749911049;6;18104;1983;2;1983;1;0;1;0;0;0;0;0;0;0;0;0
341;599;1357750367968;6;18104;1983;2;1983;0;-1;1;1;0;0;0;0;0;0;0;0
342;599;1357751713281;6;18104;1983;2;1983;0;-1;1;1;0;0;0;0;0;0;0;0
343;599;1357753849654;6;18104;1983;25;1983;6;-1;82;82;5;5;3;3;3;3;3;3
344;599;1357752148816;6;18104;1983;2;1983;2;1;0;0;0;0;0;0;0;0;0;0
345;599;1357747381541;6;18104;1983;2;1983;2;1;0;0;0;0;0;0;0;0;0;0
346;599;1357745730463;6;18104;1983;2;1983;2;1;1;0;1;0;1;0;1;0;1;0
347;599;1357753641849;6;18104;1983;2;1983;1;-1;0;0;0;0;0;0;0;0;0;0
348;599;1357748340263;6;18104;1983;1;1983;1;-1;0;0;0;0;0;0;0;0;0;0
349;599;1357752831584;6;18104;1983;1;1983;4;2;4;3;2;2;2;2;2;2;2;2
350;599;1357753794235;6;18104;1983;2;1983;0;-1;1;1;0;0;0;0;0;0;0;0
351;599;1357747927298;6;18104;1983;1;1983;1;-1;0;0;0;0;0;0;0;0;0;0
352;599;1357750285595;6;18104;1983;2;1983;6;3;6;0;0;0;0;0;0;0;0;0
353;599;1357750423660;6;18104;1983;1;1983;2;1;0;0;0;0;0;0;0;0;0;0
354;599;1357751123917;6;18104;1983;1;1983;0;-1;1;1;0;0;0;0;0;0;0;0
355;599;1357745938238;7;18104;1917;2;1917;7;3;1;1;1;1;1;1;1;1;1;1
356;599;1357746736324;7;18104;1917;2;1917;2;1;0;0;0;0;0;0;0;0;0;0
357;599;1357747326795;7;18104;1917;26;1917;0;-1;26;26;0;0;0;0;0;0;0;0
358;599;1357752871215;7;18104;1917;1;1917;2;1;0;0;0;0;0;0;0;0;0;0
359;599;1357748588296;7;18104;1917;2;1917;2;1;0;0;0;0;0;0;0;0;0;0
360;599;1357752638437;7;18104;1917;1;1917;1;0;1;0;0;0;0;0;0;0;0;0
361;599;1357745771449;7;18104;1917;1;1917;0;-1;0;0;0;0;0;0;0;0;0;0
362;599;1357746535015;7;18104;1917;2;1917;1;-1;0;0;0;0;0;0;0;0;0;0
363;599;1357750312305;7;18104;1917;2;1917;24;12;2;0;2;0;1;0;1;0;2;0
364;599;1357750713082;7;18104;1917;1;1917;2;-1;1;1;1;1;1;1;1;1;1;1
365;599;1357753877668;7;18104;1917;1;1917;1;-1;0;0;0;0;0;0;0;0;0;0
366;599;1357746252014;7;18104;1917;2;1917;12;6;4;1;0;0;0;0;0;0;0;0
367;599;1357746225991;7;18104;1917;1;1917;15;7;0;0;0;0;0;0;0;0;0;0
368;599;1357747557700;7;18104;1917;2;1917;28;14;1;1;1;1;1;1;1;1;1;1
369;599;1357750244500;7;18104;1917;3;1917;7;3;9;0;0;0;0;0;0;0;0;0
370;599;1357746902333;7;18104;1917;1;1917;2;1;1;0;1;0;1;0;1;0;1;0
371;599;1357749216659;7;18104;1917;2;1917;1;-1;0;0;0;0;0;0;0;0;0;0
372;599;1357749119728;7;18104;1917;2;1917;0;-1;2;2;1;1;1037;1037;1;1;2;2
373;599;1357753050647;7;18104;1917;2;1917;22;-1;3;3;3;3;3;3;3;3;3;3
374;599;1357749407295;7;18104;1917;2;1917;1;-1;0;0;0;0;0;0;0;0;0;0
375;599;1357751353254;7;18104;1917;2;1917;7;3;3;1;2;1;2;1;2;1;2;1
376;599;1357752337733;7;18104;1917;2;1917;1;0;1;0;1;0;0;0;0;0;1;0
377;599;1357751755567;7;18104;1917;2;1917;25;12;2;2;2;2;2;2;2;2;2;2
378;599;1357751218207;7;18104;1917;1;1917;0;-1;2;2;0;0;0;0;0;0;0;0
379;599;1357748160308;7;18104;1917;2;1917;3;-1;2;2;2;2;2;2;2;2;2;2
380;599;1357747709482;7;18104;1917;2;1917;2;-1;1;1;1;1;1;1;1;1;1;1
381;599;1357751069950;7;18104;1917;8;1917;21;10;25;2;2;2;2;2;2;2;2;2
382;599;1357751177411;7;18104;1917;1;1917;3;1;1;1;1;1;1;1;1;1;1;1
383;599;1357750091591;7;18104;1917;2;1917;4;2;0;0;0;0;0;0;0;0;0;0
384;599;1357753809212;7;18104;1917;2;1917;8;-1;0;0;0;0;0;0;0;0;0;0
385;599;1357751615868;7;18104;1917;2;1917;4;2;6;3;5;3;5;3;5;3;5;3
386;599;1357746819145;7;18104;1917;3;1917;11;5;12;0;2;0;0;0;0;0;0;0
387;599;1357751973933;7;18104;1917;2;1917;3;1;1;1;0;0;0;0;0;0;0;0
388;599;1357751026878;7;18104;1917;2;1917;3;1;0;0;0;0;0;0;0;0;0;0
389;599;1357749106728;7;18104;1917;2;1917;0;-1;1;1;0;0;0;0;0;0;0;0
390;599;1357750808867;7;18104;1917;2;1917;0;-1;1;1;0;0;0;0;0;0;0;0
391;599;1357753395572;7;18104;1917;1;1917;2;1;0;0;0;0;0;0;0;0;0;0
392;599;1357750479614;7;18104;1917;1;1917;15;7;0;0;0;0;0;0;0;0;0;0
393;599;1357748844711;7;18104;1917;1;1917;13;6;3;1;3;1;3;1;3;1;3;1
394;599;1357753890699;7;18104;1917;1;1917;0;-1;1;1;0;0;0;0;0;0;0;0
395;599;1357749243419;7;18104;1917;1;1917;1;-1;0;0;0;0;0;0;0;0;0;0
396;599;1357752094584;7;18104;1917;2;1917;1;0;1;0;0;0;0;0;0;0;0;0
397;599;1357751987431;7;18104;1917;2;1917;11;5;8;0;0;0;0;0;0;0;0;0
398;599;1357749160300;7;18104;1917;2;1917;3;-1;2;2;2;2;2;2;2;2;2;2
399;599;1357746019223;7;18104;1917;1;1917;0;-1;1;1;0;0;0;0;0;0;0;0
400;599;1357752461702;7;18104;1917;2;1917;9;4;2;1;2;1;2;1;2;1;2;1
401;599;1357752378586;7;18104;1917;1;1917;5;2;1;1;1;1;1;1;1;1;1;1
402;599;1357746005906;7;18104;1917;1;1917;2;1;1;1;1;1;1;1;1;1;1;1
403;599;1357753202534;7;18104;1917;2;1917;1;0;1;0;0;0;0;0;0;0;0;0
404;599;1357751434147;7;18104;1917;1;1917;1;-1;0;0;0;0;0;0;0;0;0;0
405;599;1357750230143;7;18104;1917;1;1917;0;-1;1;1;0;0;0;0;0;0;0;0
406;599;1357749285116;7;18104;1917;2;1917;4;2;0;0;0;0;0;0;0;0;0;0
407;599;1357751110809;7;18104;1917;2;1917;0;-1;5;5;0;0;0;0;0;0;0;0
408;599;1357747066095;7;18104;1917;1;1917;3;-1;2;2;2;2;2;2;2;2;2;2
409;599;1357750905112;7;18104;1917;1;1917;1;0;1;0;0;0;0;0;0;0;0;0
410;599;1357749664843;7;18104;1917;4;1917;28;-1;1;1;1;1;1;1;1;1;1;1
411;599;1357748601700;7;18104;1917;2;1917;6;3;0;0;0;0;0;0;0;0;0;0
412;599;1357750755322;7;18104;1917;1;1917;1;-1;1;1;1;1;1;1;1;1;1;1
413;599;1357748859100;7;18104;1917;1;1917;2;1;0;0;0;0;0;0;0;0;0;0
414;599;1357746047247;8;18104;1988;2;1988;2;1;0;0;0;0;0;0;0;0;0;0
415;599;1357750077898;8;18104;1988;2;1988;2;1;0;0;0;0;0;0;0;0;0;0
416;599;1357746346131;8;18104;1988;1;1988;10;5;0;0;0;0;0;0;0;0;0;0
417;599;1357747121636;8;18104;1988;1;1988;2;1;0;0;0;0;0;0;0;0;0;0
418;599;1357745881495;8;18104;1988;3;1988;9;-1;25;25;3;3;3;3;3;3;3;3
419;599;1357749624584;8;18104;1988;1;1988;1;-1;0;0;0;0;0;0;0;0;0;0
420;599;1357753063615;8;18104;1988;1;1988;12;6;3;0;3;0;3;0;3;0;3;0
421;599;1357753422023;8;18104;1988;2;1988;0;-1;3;3;0;0;0;0;0;0;0;0
422;599;1357748367511;8;18104;1988;2;1988;1;0;6;0;5;0;0;0;0;0;5;0
423;599;1357751684201;8;18104;1988;2;1988;2;1;0;0;0;0;0;0;0;0;0;0
424;599;1357746116870;8;18104;1988;1;1988;8;4;1;0;0;0;0;0;0;0;0;0
425;599;1357751643398;8;18104;1988;1;1988;1;-1;0;0;0;0;0;0;0;0;0;0
426;599;1357746805274;8;18104;1988;1;1988;2;1;1;0;0;0;0;0;0;0;0;0
427;599;1357748546691;8;18104;1988;2;1988;3;1;4;1;2;1;2;1;2;1;2;1
428;599;1357753174941;8;18104;1988;1;1988;5;2;2;1;2;1;2;1;2;1;2;1
429;599;1357747681938;8;18104;1988;2;1988;0;-1;19;19;0;0;0;0;0;0;0;0
430;599;1357750999917;8;18104;1988;1;1988;1;0;6;0;5;0;0;0;0;0;5;0
431;599;1357747804375;8;18104;1988;3;1988;0;-1;1;1;2;2;1037;1037;35;35;1;1
432;599;1357746846668;8;18104;1988;2;1988;15;7;1;1;1;1;1;1;1;1;1;1
433;599;1357745744361;8;18104;1988;2;1988;10;5;2;1;1;1;1;1;1;1;1;1
434;599;1357752204026;8;18104;1988;2;1988;0;-1;1;1;0;0;0;0;0;0;0;0
435;599;1357745717028;8;18104;1988;2;1988;0;-1;5;5;0;0;0;0;0;0;0;0
436;599;1357748970404;8;18104;1988;2;1988;9;4;2;1;2;1;2;1;2;1;2;1
437;599;1357746930904;8;18104;1988;2;1988;12;6;11;6;1;0;1;0;1;0;1;0
438;599;1357750204336;8;18104;1988;2;1988;1;-1;0;0;0;0;0;0;0;0;0;0
439;599;1357752761233;8;18104;1988;2;1988;2;1;0;0;0;0;0;0;0;0;0;0
440;599;1357747367058;8;18104;1988;1;1988;1;-1;0;0;0;0;0;0;0;0;0;0
441;599;1357753559913;8;18104;1988;1;1988;1;-1;0;0;0;0;0;0;0;0;0;0
442;599;1357747135164;8;18104;1988;1;1988;0;-1;1;1;0;0;0;0;0;0;0;0
443;599;1357746916026;8;18104;1988;1;1988;1;0;1;0;0;0;0;0;0;0;0;0
444;599;1357746708850;8;18104;1988;1;1988;13;6;0;0;0;0;0;0;0;0;0;0
445;599;1357747011103;8;18104;1988;2;1988;9;4;15;1;3;1;3;1;3;1;3;1
446;599;1357747695403;8;18104;1988;1;1988;3;-1;1;1;0;0;0;0;0;0;0;0
447;599;1357751518350;8;18104;1988;2;1988;2;1;0;0;0;0;0;0;0;0;0;0
448;599;1357750410038;8;18104;1988;1;1988;2;1;0;0;0;0;0;0;0;0;0;0
449;599;1357751670727;8;18104;1988;2;1988;6;3;0;0;0;0;0;0;0;0;0;0
450;599;1357746185666;8;18104;1988;1;1988;15;7;1;1;1;1;1;1;1;1;1;1
451;599;1357751340223;8;18104;1988;1;1988;1;0;1;0;0;0;0;0;0;0;0;0
452;599;1357745813029;8;18104;1988;15;1988;24;12;13;2;0;0;0;0;0;0;0;0
453;599;1357748656049;8;18104;1988;2;1988;12;6;0;0;0;0;0;0;0;0;0;0
454;599;1357748983872;8;18104;1988;2;1988;1;-1;0;0;0;0;0;0;0;0;0;0
455;599;1357749924666;8;18104;1988;1;1988;0;-1;2;2;0;0;0;0;0;0;0;0
456;599;1357753477184;8;18104;1988;2;1988;4;2;0;0;0;0;0;0;0;0;0;0
457;599;1357748886996;8;18104;1988;1;1988;1;-1;2;2;2;2;2;2;2;2;2;2
458;599;1357748709151;8;18104;1988;1;1988;9;4;1;1;1;1;1;1;1;1;1;1
459;599;1357746656459;8;18104;1988;2;1988;2;1;9;1;0;0;0;0;0;0;0;0
460;599;1357750588879;8;18104;1988;1;1988;1;0;0;0;0;0;0;0;0;0;0;0
461;599;1357750617229;8;18104;1988;2;1988;1;-1;0;0;0;0;0;0;0;0;0;0
462;599;1357753327393;8;18104;1988;2;1988;6;3;6;0;0;0;0;0;0;0;0;0
463;599;1357753726103;8;18104;1988;2;1988;29;14;2;2;2;2;2;2;2;2;2;2
464;599;1357751163331;8;18104;1988;2;1988;5;2;3;3;3;3;3;3;3;3;3;3
465;599;1357748682041;8;18104;1988;1;1988;0;-1;0;0;0;0;0;0;0;0;0;0
466;599;1357747176807;8;18104;1988;2;1988;1;-1;0;0;0;0;0;0;0;0;0;0
467;599;1357752747704;8;18104;1988;1;1988;1;-1;3;3;3;3;3;3;3;3;3;3
468;599;1357746602264;8;18104;1988;3;1988;8;4;22;0;0;0;0;0;0;0;0;0
469;599;1357748900398;8;18104;1988;1;1988;5;2;0;0;0;0;0;0;0;0;0;0
470;599;1357750944966;8;18104;1988;2;1988;4;2;1;0;0;0;0;0;0;0;0;0
471;599;1357745827013;8;18104;1988;1;1988;1;0;1;0;1;0;0;0;0;0;1;0
472;599;1357746874741;8;18104;1988;1;1988;5;2;0;0;0;0;0;0;0;0;0;0
473;599;1357748133766;9;18104;1805;1;1805;1;-1;0;0;0;0;0;0;0;0;0;0
474;599;1357751406769;9;18104;1805;2;1805;3;1;0;0;0;0;0;0;0;0;0;0
475;599;1357749842866;9;18104;1805;2;1805;10;-1;2;2;1;1;1;1;1;1;1;1
476;599;1357751574484;9;18104;1805;1;1805;7;3;3;2;3;2;3;2;3;2;3;2
477;599;1357752433153;9;18104;1805;2;1805;3;1;0;0;0;0;0;0;0;0;0;0
478;599;1357745895591;9;18104;1805;2;1805;1;-1;0;0;0;0;0;0;0;0;0;0
479;599;1357747627170;9;18104;1805;3;1805;0;-1;3;3;0;0;0;0;0;0;0;0
480;599;1357747570791;9;18104;1805;1;1805;3;1;1;1;1;1;1;1;1;1;1;1
481;599;1357752733068;9;18104;1805;2;1805;8;4;17;2;1;1;1;1;1;1;1;1
482;599;1357752406467;9;18104;1805;3;1805;21;-1;1;1;0;0;1042;1042;34;34;0;0
483;599;1357750163452;9;18104;1805;1;1805;1;-1;2;2;2;2;2;2;2;2;2;2
484;599;1357745757420;9;18104;1805;2;1805;9;-1;5;5;4;4;4;4;4;4;4;4
485;599;1357747409847;9;18104;1805;2;1805;3;1;0;0;0;0;0;0;0;0;0;0
486;599;1357750849868;9;18104;1805;2;1805;1;0;6;0;5;0;0;0;0;0;5;0
487;599;1357747039290;9;18104;1805;1;1805;0;-1;3;3;1;1;1;1;1;1;1;1
488;599;1357747437158;9;18104;1805;2;1805;3;1;0;0;0;0;0;0;0;0;0;0
489;599;1357746440909;9;18104;1805;4;1805;21;10;4;2;4;2;4;2;4;2;4;2
490;599;1357752230333;9;18104;1805;1;1805;1;-1;0;0;0;0;0;0;0;0;0;0
491;599;1357750891223;9;18104;1805;1;1805;0;-1;0;0;0;0;0;0;0;0;0;0
492;599;1357748244139;9;18104;1805;2;1805;3;1;1;1;0;0;0;0;0;0;0;0
493;599;1357752121619;9;18104;1805;2;1805;0;-1;3;3;2;2;2;2;2;2;2;2
494;599;1357747613466;9;18104;1805;2;1805;1;0;1;0;0;0;0;0;0;0;0;0
495;599;1357745703594;9;18104;1805;2;1805;2;1;2;0;0;0;0;0;0;0;0;0
496;599;1357748723833;9;18104;1805;1;1805;3;1;0;0;0;0;0;0;0;0;0;0
497;599;1357752802644;9;18104;1805;1;1805;1;-1;0;0;0;0;0;0;0;0;0;0
498;599;1357746589110;9;18104;1805;2;1805;9;4;6;2;4;2;4;2;4;2;4;2
499;599;1357748504299;9;18104;1805;1;1805;1;-1;0;0;0;0;0;0;0;0;0;0
500;599;1357753587862;9;18104;1805;2;1805;1;0;10;0;3;0;0;0;0;0;2;0
501;599;1357747094535;9;18104;1805;2;1805;0;-1;1;1;0;0;0;0;0;0;0;0
502;599;1357751629767;9;18104;1805;2;1805;5;2;0;0;0;0;0;0;0;0;0;0
503;599;1357748382679;9;18104;1805;3;1805;7;3;14;1;1;1;1;1;1;1;1;1
504;599;1357753037571;9;18104;1805;2;1805;6;3;1;1;1;1;1;1;1;1;1;1
505;599;1357745868477;9;18104;1805;2;1805;7;3;1;1;1;1;1;1;1;1;1;1
506;599;1357750644488;9;18104;1805;10;1805;21;-1;39;39;1;1;1;1;1;1;1;1
507;599;1357749732647;9;18104;1805;2;1805;15;7;0;0;0;0;0;0;0;0;0;0
508;599;1357753464186;9;18104;1805;2;1805;0;-1;11;11;3;3;0;0;0;0;2;2
509;599;1357746319495;9;18104;1805;2;1805;8;4;11;2;3;2;3;2;3;2;3;2
510;599;1357748750257;9;18104;1805;1;1805;0;-1;0;0;0;0;0;0;0;0;0;0
511;599;1357746669428;9;18104;1805;4;1805;21;10;1;1;1;1;1;1;1;1;1;1
512;599;1357751823612;9;18104;1805;2;1805;1;0;1;0;0;0;0;0;0;0;0;0
513;599;1357751741835;9;18104;1805;2;1805;9;4;1;0;1;0;1;0;1;0;1;0
514;599;1357746076436;9;18104;1805;21;1805;21;-1;78;78;6;6;4;4;4;4;5;5
515;599;1357746615716;9;18104;1805;1;1805;1;-1;0;0;0;0;0;0;0;0;0;0
516;599;1357747832408;9;18104;1805;1;1805;0;-1;1;1;1;1;1;1;1;1;1;1
517;599;1357747107785;9;18104;1805;2;1805;0;-1;1;1;0;0;0;0;0;0;0;0
518;599;1357751313231;9;18104;1805;1;1805;1;-1;0;0;0;0;0;0;0;0;0;0
519;599;1357751587937;9;18104;1805;2;1805;0;-1;6;6;2;2;2;2;2;2;2;2
520;599;1357752624626;9;18104;1805;2;1805;1;0;1;0;0;0;0;0;0;0;0;0
521;599;1357750863418;9;18104;1805;2;1805;3;1;1;1;1;1;1;1;1;1;1;1
522;599;1357747872739;9;18104;1805;2;1805;3;1;7;2;3;2;2;2;2;2;3;2
523;599;1357752311697;9;18104;1805;2;1805;0;-1;7;7;2;2;0;0;0;0;0;0
524;599;1357749747157;9;18104;1805;2;1805;13;-1;2;2;2;2;2;2;2;2;2;2
525;599;1357752000771;9;18104;1805;2;1805;0;-1;18;18;4;4;1;1;1;1;4;4
526;599;1357748831650;9;18104;1805;2;1805;12;6;0;0;0;0;0;0;0;0;0;0
527;599;1357751286137;9;18104;1805;1;1805;1;-1;0;0;0;0;0;0;0;0;0;0
528;599;1357749380610;9;18104;1805;2;1805;1;-1;0;0;0;0;0;0;0;0;0;0
529;599;1357745785028;9;18104;1805;2;1805;1;-1;0;0;0;0;0;0;0;0;0;0
530;599;1357746480614;9;18104;1805;2;1805;2;1;0;0;0;0;0;0;0;0;0;0
531;599;1357753753602;9;18104;1805;1;1805;2;1;1;0;0;0;0;0;0;0;0;0
532;599;1357748078193;10;18104;1907;24;1907;23;11;49;0;0;0;0;0;0;0;0;0
533;599;1357751420361;10;18104;1907;3;1907;23;11;1;0;0;0;0;0;0;0;0;0
534;599;1357749678549;10;18104;1907;2;1907;1;-1;2;2;2;2;2;2;2;2;2;2
535;599;1357749855865;10;18104;1907;2;1907;1;0;0;0;0;0;0;0;0;0;0;0
536;599;1357749637752;10;18104;1907;2;1907;12;6;0;0;0;0;0;0;0;0;0;0
537;599;1357748614936;10;18104;1907;2;1907;1;-1;0;0;0;0;0;0;0;0;0;0
538;599;1357746359272;10;18104;1907;4;1907;0;-1;21;21;0;0;0;0;0;0;0;0
539;599;1357749556028;10;18104;1907;2;1907;0;-1;1;1;0;0;0;0;0;0;0;0
540;599;1357746333049;10;18104;1907;5;1907;29;14;0;0;0;0;0;0;0;0;0;0
541;599;1357753740162;10;18104;1907;1;1907;4;2;2;1;2;1;1;1;1;1;2;1
542;599;1357746265184;10;18104;1907;2;1907;0;-1;15;15;0;0;0;0;0;0;0;0
543;599;1357752447786;10;18104;1907;1;1907;1;-1;0;0;0;0;0;0;0;0;0;0
544;599;1357746629260;10;18104;1907;2;1907;11;5;4;2;1;1;1;1;1;1;1;1
545;599;1357751865849;10;18104;1907;2;1907;1;0;1;0;0;0;0;0;0;0;0;0
546;599;1357750437515;10;18104;1907;1;1907;1;-1;0;0;0;0;0;0;0;0;0;0
547;599;1357746777760;10;18104;1907;1;1907;1;-1;0;0;0;0;0;0;0;0;0;0
548;599;1357751837362;10;18104;1907;2;1907;2;1;0;0;0;0;0;0;0;0;0;0
549;599;1357747464233;10;18104;1907;1;1907;7;3;7;3;6;3;6;3;6;3;6;3
550;599;1357748326282;10;18104;1907;4;1907;0;-1;11;11;2;2;1037;1037;3;3;1;1
551;599;1357747245029;10;18104;1907;1;1907;2;1;2;0;0;0;0;0;0;0;0;0
552;599;1357749187558;10;18104;1907;1;1907;0;-1;2;2;0;0;0;0;0;0;0;0
553;599;1357747968834;10;18104;1907;2;1907;2;1;0;0;0;0;0;0;0;0;0;0
554;599;1357750041827;10;18104;1907;1;1907;7;3;7;3;5;3;5;3;5;3;5;3
555;599;1357751258951;10;18104;1907;1;1907;3;1;1;1;1;1;1;1;1;1;1;1
556;599;1357748038548;10;18104;1907;1;1907;1;0;6;0;5;0;0;0;0;0;5;0
557;599;1357752817254;10;18104;1907;2;1907;1;0;0;0;0;0;0;0;0;0;0;0
558;599;1357753354261;10;18104;1907;2;1907;8;-1;0;0;0;0;0;0;0;0;0;0
559;599;1357750574117;10;18104;1907;2;1907;0;-1;1;1;0;0;0;0;0;0;0;0
560;599;1357748437135;10;18104;1907;1;1907;1;-1;1;1;1;1;1;1;1;1;1;1
561;599;1357753408940;10;18104;1907;4;1907;7;3;15;1;4;1;4;1;4;1;4;1
562;599;1357751393428;10;18104;1907;1;1907;7;-1;4;4;3;3;3;3;3;3;3;3
563;599;1357748408880;10;18104;1907;2;1907;2;1;0;0;0;0;0;0;0;0;0;0
564;599;1357745951913;10;18104;1907;1;1907;2;1;0;0;0;0;0;0;0;0;0;0
565;599;1357748091619;10;18104;1907;1;1907;1;0;0;0;0;0;0;0;0;0;0;0
566;599;1357751959486;10;18104;1907;1;1907;0;-1;1;1;1;1;1037;1037;1;1;1;1
567;599;1357746998188;10;18104;1907;2;1907;0;-1;13;13;5;5;5;5;5;5;5;5
568;599;1357750298799;10;18104;1907;2;1907;0;-1;1;1;0;0;0;0;0;0;0;0
569;599;1357750064669;10;18104;1907;2;1907;11;5;8;0;0;0;0;0;0;0;0;0
570;599;1357749298772;10;18104;1907;1;1907;3;1;2;0;0;0;0;0;0;0;0;0
571;599;1357746508160;10;18104;1907;2;1907;10;5;1;1;1;1;1;1;1;1;1;1
572;599;1357745854715;10;18104;1907;2;1907;2;1;0;0;0;0;0;0;0;0;0;0
573;599;1357751056643;10;18104;1907;4;1907;26;13;1;0;0;0;0;0;0;0;0;0
574;599;1357745841354;10;18104;1907;2;1907;16;8;6;1;6;1;6;1;6;1;6;1
575;599;1357750931928;10;18104;1907;4;1907;0;-1;10;10;0;0;0;0;0;0;0;0
576;599;1357746860326;10;18104;1907;2;1907;2;1;0;0;0;0;0;0;0;0;0;0
577;599;1357752693308;10;18104;1907;4;1907;28;-1;9;9;7;7;4;4;4;4;6;6
578;599;1357747162998;10;18104;1907;2;1907;0;-1;4;4;0;0;0;0;0;0;0;0
579;599;1357749951954;10;18104;1907;2;1907;1;0;6;0;5;0;0;0;0;0;5;0
580;599;1357750465540;10;18104;1907;2;1907;1;-1;0;0;0;0;0;0;0;0;0;0
581;599;1357751379586;10;18104;1907;1;1907;1;-1;0;0;0;0;0;0;0;0;0;0
582;599;1357748628277;10;18104;1907;1;1907;1;-1;0;0;0;0;0;0;0;0;0;0
583;599;1357747231429;10;18104;1907;4;1907;10;5;20;0;0;0;0;0;0;0;0;0
584;599;1357751808865;10;18104;1907;1;1907;2;1;0;0;0;0;0;0;0;0;0;0
585;599;1357749979371;10;18104;1907;1;1907;0;-1;1;1;0;0;0;0;0;0;0;0
586;599;1357745688802;10;18104;1907;2;1907;0;-1;15;15;0;0;0;0;0;0;0;0
587;599;1357746467319;10;18104;1907;2;1907;8;-1;3;3;0;0;0;0;0;0;0;0
588;599;1357752419032;10;18104;1907;2;1907;3;1;6;0;2;0;2;0;2;0;2;0
589;599;1357753381649;10;18104;1907;2;1907;1;-1;0;0;0;0;0;0;0;0;0;0
590;599;1357750382325;10;18104;1907;2;1907;1;-1;0;0;0;0;0;0;0;0;0;0
591;599;1357751190861;10;18104;1907;2;1907;3;1;1;1;1;1;1;1;1;1;1;1
592;599;1357748942319;10;18104;1907;2;1907;1;-1;0;0;0;0;0;0;0;0;0;0
593;599;1357746722863;10;18104;1907;2;1907;0;-1;8;8;0;0;0;0;0;0;0;0
594;599;1357752027494;10;18104;1907;2;1907;16;8;6;1;6;1;6;1;6;1;6;1
595;599;1357747490396;10;18104;1907;1;1907;1;0;2;0;0;0;0;0;0;0;0;0
596;599;1357750836536;10;18104;1907;1;1907;2;-1;1;1;1;1;1;1;1;1;1;1
597;599;1357749462062;10;18104;1907;2;1907;1;-1;0;0;0;0;0;0;0;0;0;0
598;599;1357748270970;10;18104;1907;1;1907;0;-1;0;0;0;0;0;0;0;0;0;0
599;599;1357747640559;10;18104;1907;2;1907;11;5;12;5;1;0;1;0;1;0;1;0

