count;max;mutid;#fold;learntime;#E;predtime;#Eon;#inter;+WG;+WR;+WRG;+WT;+WTG;+WO;+WOG;+WN;+WNG;+WT*;+WT*G;+WZ;+WZG
1;599;1357753449970;1;1471;8906;2;1525;1;0;1214;0;1;0;0;0;0;0;0;0;0;0
2;599;1357753573924;1;1471;8906;2;1525;0;-1;1856;1856;2;2;1;1;1;1;1;1;1;1
3;599;1357747025755;1;1471;8906;1;1525;2;1;1906;0;0;0;0;0;0;0;0;0;0;0
4;599;1357753504415;1;1471;8906;2;1525;1;-1;1512;1512;0;0;0;0;0;0;0;0;0;0
5;599;1357751447942;1;1471;8906;1;1525;0;-1;470;470;4;4;0;0;0;0;0;0;0;0
6;599;1357746805274;1;1471;8906;1;1525;2;1;1898;1;1;0;0;0;0;0;0;0;0;0
7;599;1357749979371;1;1471;8906;2;1525;0;-1;656;656;1;1;0;0;0;0;0;0;0;0
8;599;1357752378586;1;1471;8906;1;1525;4;2;1766;2;1;0;1;0;1;0;1;0;1;0
9;599;1357749147198;1;1471;8906;1;1525;2;-1;2053;2053;1;1;1;1;1;1;1;1;1;1
10;599;1357750740122;1;1471;8906;2;1525;2;1;1531;0;0;0;0;0;0;0;0;0;0;0
11;599;1357746722863;1;1471;8906;1;1525;0;-1;1276;1276;8;8;0;0;0;0;0;0;0;0
12;599;1357746225991;1;1471;8906;1;1525;7;3;818;2;0;0;0;0;0;0;0;0;0;0
13;599;1357751286137;1;1471;8906;2;1525;2;1;844;0;0;0;0;0;0;0;0;0;0;0
14;599;1357746333049;1;1471;8906;4;1525;19;9;4;0;0;0;0;0;0;0;0;0;0;0
15;599;1357745925221;1;1471;8906;2;1525;1;-1;1962;1962;1;1;1;1;1;1;1;1;1;1
16;599;1357752571142;1;1471;8906;1;1525;0;-1;1710;1710;8;8;4;4;0;0;0;0;4;4
17;599;1357749024789;1;1471;8906;1;1525;2;1;1383;0;0;0;0;0;0;0;0;0;0;0
18;599;1357752706475;1;1471;8906;2;1525;0;-1;441;441;1;1;0;0;0;0;0;0;0;0
19;599;1357751906915;1;1471;8906;2;1525;11;5;898;4;3;1;3;1;3;1;3;1;3;1
20;599;1357747464233;1;1471;8906;2;1525;9;4;1456;6;7;4;6;3;6;3;6;3;6;3
21;599;1357749475505;1;1471;8906;2;1525;0;-1;1216;1216;1;1;0;0;0;0;0;0;0;0
22;599;1357746198693;1;1471;8906;3;1525;7;3;1214;3;11;0;0;0;0;0;0;0;0;0
23;599;1357749897218;1;1471;8906;1;1525;3;1;811;1;4;0;2;0;2;0;2;0;2;0
24;599;1357750340322;1;1471;8906;2;1525;2;1;522;0;0;0;0;0;0;0;0;0;0;0
25;599;1357750957949;1;1471;8906;1;1525;5;2;704;1;3;3;3;3;3;3;3;3;3;3
26;599;1357748395615;1;1471;8906;2;1525;0;-1;1597;1597;1;1;0;0;0;0;0;0;0;0
27;599;1357750532920;1;1471;8906;2;1525;1;-1;2002;2002;0;0;0;0;0;0;0;0;0;0
28;599;1357752516652;1;1471;8906;1;1525;2;-1;1955;1955;3;3;1;1;1;1;1;1;1;1
29;599;1357748859100;1;1471;8906;1;1525;2;1;88;0;0;0;0;0;0;0;0;0;0;0
30;599;1357752230333;1;1471;8906;1;1525;1;-1;709;709;0;0;0;0;0;0;0;0;0;0
31;599;1357748051755;1;1471;8906;2;1525;3;1;844;2;7;0;1;0;1;0;1;0;1;0
32;599;1357753340733;1;1471;8906;1;1525;0;-1;574;574;1;1;0;0;0;0;0;0;0;0
33;599;1357750891223;1;1471;8906;2;1525;0;-1;526;526;0;0;0;0;0;0;0;0;0;0
34;599;1357752433153;1;1471;8906;1;1525;3;1;476;0;0;0;0;0;0;0;0;0;0;0
35;599;1357745841354;1;1471;8906;2;1525;14;7;1798;12;6;1;6;1;6;1;6;1;6;1
36;599;1357751420361;1;1471;8906;2;1525;21;10;1704;11;1;0;0;0;0;0;0;0;0;0
37;599;1357747176807;1;1471;8906;1;1525;1;-1;817;817;0;0;0;0;0;0;0;0;0;0
38;599;1357752996967;1;1471;8906;1;1525;1;-1;772;772;0;0;0;0;0;0;0;0;0;0
39;599;1357752475928;1;1471;8906;1;1525;1;0;939;0;1;0;1;0;0;0;0;0;1;0
40;599;1357748202000;1;1471;8906;1;1525;1;0;979;0;2;0;0;0;0;0;0;0;0;0
41;599;1357748408880;1;1471;8906;1;1525;2;1;1118;0;0;0;0;0;0;0;0;0;0;0
42;599;1357750823394;1;1471;8906;2;1525;1;0;610;0;0;0;0;0;0;0;0;0;0;0
43;599;1357751300087;1;1471;8906;2;1525;5;2;797;1;9;2;9;2;9;2;9;2;9;2
44;599;1357751476690;1;1471;8906;1;1525;2;-1;1288;1288;0;0;0;0;0;0;0;0;0;0
45;599;1357751697854;1;1471;8906;2;1525;1;-1;1015;1015;0;0;0;0;0;0;0;0;0;0
46;599;1357753863015;1;1471;8906;1;1525;0;-1;818;818;4;4;0;0;0;0;0;0;0;0
47;599;1357749173586;1;1471;8906;2;1525;1;-1;1617;1617;1;1;1;1;1;1;1;1;1;1
48;599;1357746656459;1;1471;8906;2;1525;1;-1;1723;1723;9;9;0;0;0;0;0;0;0;0
49;599;1357753836141;1;1471;8906;1;1525;0;-1;1077;1077;0;0;0;0;0;0;0;0;0;0
50;599;1357745827013;1;1471;8906;1;1525;1;0;523;0;1;0;1;0;0;0;0;0;1;0
51;599;1357747477200;1;1471;8906;1;1525;0;-1;1489;1489;1;1;0;0;0;0;0;0;0;0
52;599;1357749924666;1;1471;8906;1;1525;0;-1;520;520;2;2;0;0;0;0;0;0;0;0
53;599;1357752027494;1;1471;8906;1;1525;14;7;582;3;6;1;6;1;6;1;6;1;6;1
54;599;1357753464186;1;1471;8906;2;1525;0;-1;1417;1417;11;11;3;3;0;0;0;0;2;2
55;599;1357746832515;1;1471;8906;2;1525;9;4;12;0;2;1;2;1;2;1;2;1;2;1
56;599;1357747968834;1;1471;8906;2;1525;2;1;1200;0;0;0;0;0;0;0;0;0;0;0
57;599;1357750699538;1;1471;8906;2;1525;21;-1;1332;1332;1;1;0;0;0;0;0;0;0;0
58;599;1357751327277;1;1471;8906;2;1525;0;-1;315;315;0;0;0;0;0;0;0;0;0;0
59;599;1357752651651;1;1471;8906;1;1525;1;0;1162;0;1;0;0;0;0;0;0;0;0;0
60;599;1357751879219;2;1471;8906;1;1556;4;2;722;1;1;1;1;1;1;1;1;1;1;1
61;599;1357747339826;2;1471;8906;2;1556;1;-1;2069;2069;0;0;0;0;0;0;0;0;0;0
62;599;1357753009962;2;1471;8906;1;1556;1;-1;645;645;0;0;0;0;0;0;0;0;0;0
63;599;1357751518350;2;1471;8906;2;1556;2;1;87;0;0;0;0;0;0;0;0;0;0;0
64;599;1357747531852;2;1471;8906;2;1556;2;1;189;0;0;0;0;0;0;0;0;0;0;0
65;599;1357753076551;2;1471;8906;1;1556;0;-1;1189;1189;1;1;0;0;0;0;0;0;0;0
66;599;1357749882744;2;1471;8906;1;1556;1;-1;1659;1659;1;1;1;1;1;1;1;1;1;1
67;599;1357752940752;2;1471;8906;2;1556;0;-1;323;323;1;1;0;0;0;0;0;0;0;0
68;599;1357753285352;2;1471;8906;1;1556;10;5;77;0;1;0;0;0;0;0;0;0;0;0
69;599;1357753216368;2;1471;8906;1;1556;2;-1;400;400;0;0;0;0;0;0;0;0;0;0
70;599;1357751353254;2;1471;8906;2;1556;7;3;1431;5;3;1;2;1;2;1;2;1;2;1
71;599;1357748844711;2;1471;8906;1;1556;13;6;316;2;3;1;3;1;3;1;3;1;3;1
72;599;1357747954233;2;1471;8906;1;1556;3;1;1897;1;0;0;0;0;0;0;0;0;0;0
73;599;1357751504474;2;1471;8906;4;1556;0;-1;1470;1470;2;2;0;0;0;0;0;0;0;0
74;599;1357748723833;2;1471;8906;2;1556;3;1;1972;1;0;0;0;0;0;0;0;0;0;0
75;599;1357750863418;2;1471;8906;1;1556;3;1;1031;0;1;1;1;1;1;1;1;1;1;1
76;599;1357745868477;2;1471;8906;2;1556;7;3;1227;3;1;1;1;1;1;1;1;1;1;1
77;599;1357751852216;2;1471;8906;1;1556;2;1;916;0;0;0;0;0;0;0;0;0;0;0
78;599;1357749692063;2;1471;8906;4;1556;27;13;212;3;2;0;0;0;0;0;0;0;0;0
79;599;1357753174941;2;1471;8906;2;1556;4;2;2053;2;2;0;2;0;2;0;2;0;2;0
80;599;1357751434147;2;1471;8906;2;1556;3;1;1368;1;0;0;0;0;0;0;0;0;0;0
81;599;1357747557700;2;1471;8906;2;1556;19;9;1989;17;1;1;1;1;1;1;1;1;1;1
82;599;1357753601390;2;1471;8906;2;1556;1;-1;194;194;4;4;4;4;4;4;4;4;4;4
83;599;1357747996325;2;1471;8906;1;1556;7;3;1787;6;1;1;1;1;1;1;1;1;1;1
84;599;1357752257962;2;1471;8906;1;1556;1;0;1930;0;1;0;0;0;0;0;0;0;0;0
85;599;1357746305410;2;1471;8906;1;1556;5;2;815;1;0;0;0;0;0;0;0;0;0;0
86;599;1357753684614;2;1471;8906;2;1556;1;-1;1395;1395;0;0;0;0;0;0;0;0;0;0
87;599;1357750271556;2;1471;8906;1;1556;0;-1;444;444;20;20;13;13;1039;1039;10;10;15;15
88;599;1357751769326;2;1471;8906;2;1556;1;-1;1271;1271;0;0;0;0;0;0;0;0;0;0
89;599;1357750781719;2;1471;8906;1;1556;2;1;75;0;1;0;0;0;0;0;0;0;0;0
90;599;1357747544615;2;1471;8906;2;1556;3;1;1271;1;5;0;1;0;1;0;1;0;1;0
91;599;1357746708850;2;1471;8906;1;1556;13;6;1236;4;0;0;0;0;0;0;0;0;0;0
92;599;1357749624584;2;1471;8906;1;1556;1;-1;1036;1036;0;0;0;0;0;0;0;0;0;0
93;599;1357751013615;2;1471;8906;1;1556;1;-1;1011;1011;0;0;0;0;0;0;0;0;0;0
94;599;1357753063615;2;1471;8906;2;1556;12;6;1666;6;3;0;3;0;3;0;3;0;3;0
95;599;1357752543830;2;1471;8906;2;1556;15;7;1027;11;6;1;6;1;6;1;6;1;6;1
96;599;1357748133766;2;1471;8906;1;1556;1;-1;1836;1836;0;0;0;0;0;0;0;0;0;0
97;599;1357747750551;2;1471;8906;2;1556;0;-1;1535;1535;1;1;0;0;0;0;0;0;0;0
98;599;1357753159900;2;1471;8906;1;1556;2;1;26;0;0;0;0;0;0;0;0;0;0;0
99;599;1357748091619;2;1471;8906;2;1556;1;0;947;0;0;0;0;0;0;0;0;0;0;0
100;599;1357751602339;2;1471;8906;2;1556;1;-1;356;356;0;0;0;0;0;0;0;0;0;0
101;599;1357753243928;2;1471;8906;1;1556;2;1;1168;0;0;0;0;0;0;0;0;0;0;0
102;599;1357749462062;2;1471;8906;2;1556;1;-1;1513;1513;0;0;0;0;0;0;0;0;0;0
103;599;1357747381541;2;1471;8906;1;1556;2;1;13;0;0;0;0;0;0;0;0;0;0;0
104;599;1357752598599;2;1471;8906;2;1556;6;3;571;0;1;1;1;1;1;1;1;1;1;1
105;599;1357752055062;2;1471;8906;1;1556;2;-1;397;397;2;2;2;2;2;2;2;2;2;2
106;599;1357750808867;2;1471;8906;2;1556;0;-1;252;252;1;1;0;0;0;0;0;0;0;0
107;599;1357753229379;2;1471;8906;1;1556;8;4;1435;4;17;5;17;5;16;5;16;5;16;5
108;599;1357746777760;2;1471;8906;2;1556;1;-1;50;50;0;0;0;0;0;0;0;0;0;0
109;599;1357747245029;2;1471;8906;1;1556;2;1;1709;0;2;0;0;0;0;0;0;0;0;0
110;599;1357748078193;2;1471;8906;21;1556;22;11;897;12;49;1;0;0;0;0;0;0;0;0
111;599;1357745965343;2;1471;8906;2;1556;1;-1;996;996;0;0;0;0;0;0;0;0;0;0
112;599;1357750795327;2;1471;8906;1;1556;1;-1;560;560;1;1;1;1;1;1;1;1;1;1
113;599;1357753271169;2;1471;8906;2;1556;1;-1;911;911;0;0;0;0;0;0;0;0;0;0
114;599;1357747570791;2;1471;8906;1;1556;1;-1;36;36;1;1;1;1;1;1;1;1;1;1
115;599;1357749705671;2;1471;8906;1;1556;6;3;1629;3;0;0;0;0;0;0;0;0;0;0
116;599;1357746521502;2;1471;8906;4;1556;6;3;1737;4;10;1;2;1;2;1;2;1;2;1
117;599;1357751795417;2;1471;8906;2;1556;1;-1;110;110;1;1;1;1;1;1;1;1;1;1
118;599;1357751137134;2;1471;8906;2;1556;2;1;493;0;0;0;0;0;0;0;0;0;0;0
119;599;1357750602686;3;1471;8906;2;1568;1;0;943;0;1;0;0;0;0;0;0;0;0;0
120;599;1357746399931;3;1471;8906;2;1568;0;-1;1958;1958;0;0;0;0;0;0;0;0;0;0
121;599;1357749829621;3;1471;8906;1;1568;1;-1;2047;2047;1;1;1;1;1;1;1;1;1;1
122;599;1357753257554;3;1471;8906;2;1568;2;1;949;0;0;0;0;0;0;0;0;0;0;0
123;599;1357751069950;3;1471;8906;7;1568;21;10;1109;12;25;2;2;2;2;2;2;2;2;2
124;599;1357751727355;3;1471;8906;1;1568;0;-1;1947;1947;1;1;0;0;0;0;0;0;0;0
125;599;1357750312305;3;1471;8906;3;1568;26;13;99;2;2;0;2;0;1;0;1;0;2;0
126;599;1357752406467;3;1471;8906;4;1568;21;-1;495;495;1;1;0;0;1042;1042;34;34;0;0
127;599;1357746846668;3;1471;8906;1;1568;4;2;1656;2;1;1;1;1;1;1;1;1;1;1
128;599;1357747668363;3;1471;8906;1;1568;0;-1;1696;1696;1;1;0;0;0;0;0;0;0;0
129;599;1357747900754;3;1471;8906;1;1568;4;2;1290;0;1;1;1;1;1;1;1;1;1;1
130;599;1357748601700;3;1471;8906;2;1568;6;3;1477;3;0;0;0;0;0;0;0;0;0;0
131;599;1357750713082;3;1471;8906;2;1568;2;-1;1820;1820;1;1;1;1;1;1;1;1;1;1
132;599;1357748312283;3;1471;8906;1;1568;1;-1;1738;1738;0;0;0;0;0;0;0;0;0;0
133;599;1357751587937;3;1471;8906;2;1568;0;-1;1436;1436;6;6;2;2;2;2;2;2;2;2
134;599;1357748750257;3;1471;8906;2;1568;0;-1;869;869;0;0;0;0;0;0;0;0;0;0
135;599;1357748147029;3;1471;8906;1;1568;5;2;1621;3;1;1;1;1;1;1;1;1;1;1
136;599;1357746412884;3;1471;8906;2;1568;1;-1;1345;1345;1;1;1;1;1;1;1;1;1;1
137;599;1357752337733;3;1471;8906;1;1568;1;0;486;0;1;0;1;0;0;0;0;0;1;0
138;599;1357753327393;3;1471;8906;2;1568;2;1;855;0;6;0;0;0;0;0;0;0;0;0
139;599;1357748024225;3;1471;8906;1;1568;1;-1;1075;1075;0;0;0;0;0;0;0;0;0;0
140;599;1357751893476;3;1471;8906;2;1568;5;-1;141;141;45;45;41;41;21;21;21;21;28;28
141;599;1357748257925;3;1471;8906;1;1568;1;0;31;0;0;0;0;0;0;0;0;0;0;0
142;599;1357753641849;3;1471;8906;1;1568;1;-1;115;115;0;0;0;0;0;0;0;0;0;0
143;599;1357745978747;3;1471;8906;1;1568;3;1;688;1;1;1;1;1;1;1;1;1;1;1
144;599;1357746239005;3;1471;8906;1;1568;7;3;233;0;0;0;0;0;0;0;0;0;0;0
145;599;1357746860326;3;1471;8906;2;1568;2;1;1754;0;0;0;0;0;0;0;0;0;0;0
146;599;1357745911399;3;1471;8906;1;1568;4;2;1592;3;18;2;13;2;9;2;9;2;12;2
147;599;1357748997885;3;1471;8906;1;1568;3;1;640;0;1;1;1;1;1;1;1;1;1;1
148;599;1357749380610;3;1471;8906;2;1568;1;-1;1469;1469;0;0;0;0;0;0;0;0;0;0
149;599;1357748546691;3;1471;8906;1;1568;3;1;1733;1;4;1;2;1;2;1;2;1;2;1
150;599;1357750617229;3;1471;8906;1;1568;1;-1;808;808;0;0;0;0;0;0;0;0;0;0
151;599;1357751782357;3;1471;8906;2;1568;2;-1;836;836;6;6;6;6;6;6;6;6;6;6
152;599;1357746185666;3;1471;8906;1;1568;4;2;767;0;1;1;1;1;1;1;1;1;1;1
153;599;1357749216659;3;1471;8906;2;1568;1;-1;2039;2039;0;0;0;0;0;0;0;0;0;0
154;599;1357750519769;3;1471;8906;2;1568;4;2;684;0;5;1;1;1;1;1;1;1;1;1
155;599;1357750285595;3;1471;8906;2;1568;2;1;1201;1;6;0;0;0;0;0;0;0;0;0
156;599;1357748669064;3;1471;8906;1;1568;1;-1;169;169;1;1;1;1;1;1;1;1;1;1
157;599;1357749106728;3;1471;8906;1;1568;0;-1;1890;1890;1;1;0;0;0;0;0;0;0;0
158;599;1357746763070;3;1471;8906;2;1568;4;-1;313;313;8;8;3;3;3;3;3;3;3;3
159;599;1357746212919;3;1471;8906;2;1568;6;3;709;1;0;0;0;0;0;0;0;0;0;0
160;599;1357749352125;3;1471;8906;2;1568;4;2;972;2;0;0;0;0;0;0;0;0;0;0
161;599;1357747940682;3;1471;8906;1;1568;0;-1;211;211;1;1;0;0;0;0;0;0;0;0
162;599;1357746874741;3;1471;8906;2;1568;5;2;793;0;0;0;0;0;0;0;0;0;0;0
163;599;1357750768409;3;1471;8906;2;1568;10;-1;1470;1470;2;2;2;2;0;0;0;0;1;1
164;599;1357752611644;3;1471;8906;1;1568;1;-1;1588;1588;0;0;0;0;0;0;0;0;0;0
165;599;1357750465540;3;1471;8906;2;1568;1;-1;870;870;0;0;0;0;0;0;0;0;0;0
166;599;1357752913099;3;1471;8906;1;1568;5;2;2015;4;2;0;0;0;0;0;0;0;0;0
167;599;1357751547053;3;1471;8906;1;1568;0;-1;221;221;1;1;0;0;0;0;0;0;0;0
168;599;1357749393922;3;1471;8906;2;1568;2;1;1916;0;0;0;0;0;0;0;0;0;0;0
169;599;1357746172307;3;1471;8906;2;1568;0;-1;142;142;1;1;0;0;0;0;0;0;0;0
170;599;1357752871215;3;1471;8906;1;1568;2;1;1142;0;0;0;0;0;0;0;0;0;0;0
171;599;1357752217277;3;1471;8906;2;1568;0;-1;1087;1087;2;2;2;2;1037;1037;2;2;2;2
172;599;1357746062629;3;1471;8906;1;1568;14;7;761;5;5;1;5;1;5;1;5;1;5;1
173;599;1357745785028;3;1471;8906;1;1568;2;1;1600;0;0;0;0;0;0;0;0;0;0;0
174;599;1357751684201;3;1471;8906;1;1568;2;1;1039;0;0;0;0;0;0;0;0;0;0;0
175;599;1357747490396;3;1471;8906;1;1568;1;0;505;0;2;0;0;0;0;0;0;0;0;0
176;599;1357747887144;3;1471;8906;1;1568;1;-1;1945;1945;0;0;0;0;0;0;0;0;0;0
177;599;1357748532310;3;1471;8906;2;1568;2;1;1595;0;0;0;0;0;0;0;0;0;0;0
178;599;1357747313720;4;1471;8906;2;1591;18;9;1366;9;3;1;3;1;3;1;3;1;3;1
179;599;1357747640559;4;1471;8906;2;1591;1;0;1497;0;12;0;1;0;1;0;1;0;1;0
180;599;1357752489449;4;1471;8906;1;1591;0;-1;1282;1282;8;8;2;2;0;0;0;0;0;0
181;599;1357745895591;4;1471;8906;1;1591;1;-1;802;802;0;0;0;0;0;0;0;0;0;0
182;599;1357746750191;4;1471;8906;1;1591;2;1;88;0;1;1;1;1;1;1;1;1;1;1
183;599;1357749133869;4;1471;8906;2;1591;1;-1;746;746;0;0;0;0;0;0;0;0;0;0
184;599;1357747723218;4;1471;8906;1;1591;1;-1;745;745;0;0;0;0;0;0;0;0;0;0
185;599;1357748709151;4;1471;8906;1;1591;9;4;586;1;1;1;1;1;1;1;1;1;1;1
186;599;1357746602264;4;1471;8906;2;1591;7;3;132;0;22;0;0;0;0;0;0;0;0;0
187;599;1357749951954;4;1471;8906;1;1591;1;0;120;0;6;0;5;0;0;0;0;0;5;0
188;599;1357753615027;4;1471;8906;2;1591;1;-1;97;97;0;0;0;0;0;0;0;0;0;0
189;599;1357746494003;4;1471;8906;2;1591;24;12;1276;10;0;0;0;0;0;0;0;0;0;0
190;599;1357748229644;4;1471;8906;1;1591;10;5;546;3;1;0;0;0;0;0;0;0;0;0
191;599;1357746019223;4;1471;8906;2;1591;0;-1;1805;1805;1;1;0;0;0;0;0;0;0;0
192;599;1357750437515;4;1471;8906;2;1591;1;-1;1544;1544;0;0;0;0;0;0;0;0;0;0
193;599;1357751230692;4;1471;8906;2;1591;1;-1;971;971;13;13;1;1;1;1;1;1;1;1
194;599;1357749855865;4;1471;8906;2;1591;1;0;1946;0;0;0;0;0;0;0;0;0;0;0
195;599;1357753037571;4;1471;8906;1;1591;6;3;201;0;1;1;1;1;1;1;1;1;1;1
196;599;1357746144546;4;1471;8906;2;1591;1;-1;1256;1256;1;1;1;1;1;1;1;1;1;1
197;599;1357747107785;4;1471;8906;1;1591;0;-1;1322;1322;1;1;0;0;0;0;0;0;0;0
198;599;1357746319495;4;1471;8906;2;1591;5;2;1748;3;11;2;3;2;3;2;3;2;3;2
199;599;1357748518699;4;1471;8906;1;1591;1;-1;195;195;0;0;0;0;0;0;0;0;0;0
200;599;1357749543030;4;1471;8906;1;1591;3;1;2040;1;0;0;0;0;0;0;0;0;0;0
201;599;1357747503800;4;1471;8906;2;1591;1;-1;541;541;0;0;0;0;0;0;0;0;0;0
202;599;1357748284081;4;1471;8906;1;1591;4;2;1115;1;0;0;0;0;0;0;0;0;0;0
203;599;1357746902333;4;1471;8906;2;1591;2;1;2058;0;1;0;1;0;1;0;1;0;1;0
204;599;1357747423412;4;1471;8906;1;1591;2;1;1234;0;0;0;0;0;0;0;0;0;0;0
205;599;1357749285116;4;1471;8906;1;1591;4;2;1388;2;0;0;0;0;0;0;0;0;0;0
206;599;1357749938612;4;1471;8906;2;1591;1;-1;2037;2037;1;1;1;1;1;1;1;1;1;1
207;599;1357752693308;4;1471;8906;4;1591;26;-1;1919;1919;9;9;7;7;4;4;4;4;6;6
208;599;1357753145901;4;1471;8906;1;1591;1;-1;1217;1217;0;0;0;0;0;0;0;0;0;0
209;599;1357745854715;4;1471;8906;2;1591;2;1;757;0;0;0;0;0;0;0;0;0;0;0
210;599;1357752831584;4;1471;8906;1;1591;4;2;290;0;4;3;2;2;2;2;2;2;2;2
211;599;1357746669428;4;1471;8906;3;1591;16;8;1655;11;1;1;1;1;1;1;1;1;1;1
212;599;1357752204026;4;1471;8906;2;1591;0;-1;873;873;1;1;0;0;0;0;0;0;0;0
213;599;1357752014316;4;1471;8906;2;1591;4;2;593;0;0;0;0;0;0;0;0;0;0;0
214;599;1357748244139;4;1471;8906;2;1591;2;1;829;0;1;0;0;0;0;0;0;0;0;0
215;599;1357746292098;4;1471;8906;1;1591;7;3;257;2;3;1;2;1;2;1;2;1;2;1
216;599;1357752502474;4;1471;8906;1;1591;4;2;1836;2;1;0;1;0;1;0;1;0;1;0
217;599;1357746116870;4;1471;8906;2;1591;7;-1;141;141;1;1;0;0;0;0;0;0;0;0
218;599;1357747285779;4;1471;8906;2;1591;6;3;764;1;0;0;0;0;0;0;0;0;0;0
219;599;1357748956688;4;1471;8906;1;1591;7;3;548;1;0;0;0;0;0;0;0;0;0;0
220;599;1357752733068;4;1471;8906;2;1591;5;2;378;0;17;2;1;1;1;1;1;1;1;1
221;599;1357749080028;4;1471;8906;3;1591;0;-1;116;116;7;7;3;3;0;0;0;0;1;1
222;599;1357746576009;4;1471;8906;1;1591;8;4;315;1;6;2;4;2;4;2;4;2;4;2
223;599;1357746791548;4;1471;8906;3;1591;5;2;183;1;8;2;2;2;2;2;2;2;2;2
224;599;1357746682431;4;1471;8906;2;1591;8;4;1002;2;2;1;1;1;1;1;1;1;1;1
225;599;1357752162842;4;1471;8906;2;1591;7;3;245;2;2;0;1;0;1;0;1;0;1;0
226;599;1357751083344;4;1471;8906;2;1591;4;-1;1151;1151;1;1;1;1;1;1;1;1;1;1
227;599;1357749732647;4;1471;8906;1;1591;7;3;64;0;0;0;0;0;0;0;0;0;0;0
228;599;1357752926592;4;1471;8906;2;1591;1;-1;79;79;0;0;0;0;0;0;0;0;0;0
229;599;1357751313231;4;1471;8906;1;1591;1;-1;246;246;0;0;0;0;0;0;0;0;0;0
230;599;1357749515676;4;1471;8906;2;1591;1;-1;949;949;0;0;0;0;0;0;0;0;0;0
231;599;1357746440909;4;1471;8906;3;1591;16;-1;1055;1055;4;4;4;4;4;4;4;4;4;4
232;599;1357753117392;4;1471;8906;1;1591;0;-1;1688;1688;1;1;0;0;0;0;0;0;0;0
233;599;1357748160308;4;1471;8906;2;1591;3;-1;1395;1395;2;2;2;2;2;2;2;2;2;2
234;599;1357752900087;4;1471;8906;1;1591;1;-1;1782;1782;0;0;0;0;0;0;0;0;0;0
235;599;1357750560541;4;1471;8906;1;1591;1;-1;203;203;0;0;0;0;0;0;0;0;0;0
236;599;1357753780318;4;1471;8906;2;1591;2;1;1774;1;1;0;0;0;0;0;0;0;0;0
237;599;1357747437158;5;1471;8906;2;1549;1;-1;433;433;0;0;0;0;0;0;0;0;0;0
238;599;1357752244860;5;1471;8906;1;1549;2;1;1737;0;0;0;0;0;0;0;0;0;0;0
239;599;1357746076436;5;1471;8906;19;1549;15;-1;1196;1196;78;78;6;6;4;4;4;4;5;5
240;599;1357746549084;5;1471;8906;2;1549;7;3;1555;5;3;1;2;1;2;1;2;1;2;1
241;599;1357749678549;5;1471;8906;1;1549;1;-1;1501;1501;2;2;2;2;2;2;2;2;2;2
242;599;1357748367511;5;1471;8906;1;1549;1;0;535;0;6;0;5;0;0;0;0;0;5;0
243;599;1357753697941;5;1471;8906;1;1549;5;-1;2013;2013;4;4;1;1;1;1;1;1;1;1
244;599;1357753533089;5;1471;8906;2;1549;6;-1;1586;1586;15;15;4;4;4;4;4;4;4;4
245;599;1357748353918;5;1471;8906;2;1549;0;-1;1010;1010;8;8;0;0;0;0;0;0;0;0
246;599;1357751190861;5;1471;8906;1;1549;3;1;695;0;1;1;1;1;1;1;1;1;1;1
247;599;1357750999917;5;1471;8906;2;1549;1;0;1652;0;6;0;5;0;0;0;0;0;5;0
248;599;1357747872739;5;1471;8906;2;1549;3;1;844;0;7;2;3;2;2;2;2;2;3;2
249;599;1357753726103;5;1471;8906;2;1549;26;13;274;6;2;2;2;2;2;2;2;2;2;2
250;599;1357747148619;5;1471;8906;1;1549;0;-1;1780;1780;1;1;0;0;0;0;0;0;0;0
251;599;1357749719039;5;1471;8906;2;1549;6;3;442;3;0;0;0;0;0;0;0;0;0;0
252;599;1357753408940;5;1471;8906;3;1549;6;-1;160;160;15;15;4;4;4;4;4;4;4;4
253;599;1357753822852;5;1471;8906;2;1549;2;1;492;0;0;0;0;0;0;0;0;0;0;0
254;599;1357747217420;5;1471;8906;3;1549;0;-1;1245;1245;7;7;0;0;0;0;0;0;0;0
255;599;1357747300254;5;1471;8906;2;1549;0;-1;1893;1893;6;6;0;0;0;0;0;0;0;0
256;599;1357748464473;5;1471;8906;1;1549;0;-1;1695;1695;2;2;1;1;1;1;1;1;1;1
257;599;1357749187558;5;1471;8906;1;1549;0;-1;1166;1166;2;2;0;0;0;0;0;0;0;0
258;599;1357748970404;5;1471;8906;2;1549;9;4;1528;7;2;1;2;1;2;1;2;1;2;1
259;599;1357753477184;5;1471;8906;1;1549;4;2;1236;1;0;0;0;0;0;0;0;0;0;0
260;599;1357748983872;5;1471;8906;1;1549;1;-1;465;465;0;0;0;0;0;0;0;0;0;0
261;599;1357748777087;5;1471;8906;2;1549;0;-1;1141;1141;1;1;0;0;0;0;0;0;0;0
262;599;1357752802644;5;1471;8906;1;1549;1;-1;430;430;0;0;0;0;0;0;0;0;0;0
263;599;1357747585164;5;1471;8906;2;1549;2;1;1687;0;0;0;0;0;0;0;0;0;0;0
264;599;1357747859283;5;1471;8906;2;1549;11;-1;976;976;1;1;1;1;1;1;1;1;1;1
265;599;1357751959486;5;1471;8906;2;1549;0;-1;1360;1360;1;1;1;1;1037;1037;1;1;1;1
266;599;1357751713281;5;1471;8906;1;1549;0;-1;845;845;1;1;0;0;0;0;0;0;0;0
267;599;1357750849868;5;1471;8906;1;1549;1;0;313;0;6;0;5;0;0;0;0;0;5;0
268;599;1357751163331;5;1471;8906;1;1549;5;2;1937;3;3;3;3;3;3;3;3;3;3;3
269;599;1357745881495;5;1471;8906;2;1549;8;-1;542;542;25;25;3;3;3;3;3;3;3;3
270;599;1357746972195;5;1471;8906;2;1549;2;1;1149;1;13;0;6;0;4;0;4;0;6;0
271;599;1357752747704;5;1471;8906;2;1549;1;-1;1696;1696;3;3;3;3;3;3;3;3;3;3
272;599;1357750163452;5;1471;8906;1;1549;1;-1;1485;1485;2;2;2;2;2;2;2;2;2;2
273;599;1357750204336;5;1471;8906;1;1549;1;-1;1209;1209;0;0;0;0;0;0;0;0;0;0
274;599;1357748038548;5;1471;8906;2;1549;1;0;1648;0;6;0;5;0;0;0;0;0;5;0
275;599;1357753711778;5;1471;8906;1;1549;2;1;97;0;0;0;0;0;0;0;0;0;0;0
276;599;1357745757420;5;1471;8906;1;1549;7;-1;161;161;5;5;4;4;4;4;4;4;4;4
277;599;1357751490393;5;1471;8906;1;1549;2;1;510;0;0;0;0;0;0;0;0;0;0;0
278;599;1357749869300;5;1471;8906;1;1549;1;0;1382;0;19;0;1;0;1;0;1;0;1;0
279;599;1357751406769;5;1471;8906;2;1549;3;1;640;0;0;0;0;0;0;0;0;0;0;0
280;599;1357746467319;5;1471;8906;2;1549;5;-1;1686;1686;3;3;0;0;0;0;0;0;0;0
281;599;1357749556028;5;1471;8906;2;1549;0;-1;276;276;1;1;0;0;0;0;0;0;0;0
282;599;1357751933102;5;1471;8906;2;1549;2;1;732;0;0;0;0;0;0;0;0;0;0;0
283;599;1357747396267;5;1471;8906;2;1549;11;5;72;0;7;0;1;0;1;0;1;0;1;0
284;599;1357752419032;5;1471;8906;1;1549;3;1;1455;1;6;0;2;0;2;0;2;0;2;0
285;599;1357745799797;5;1471;8906;2;1549;6;3;1876;5;21;3;10;3;10;3;10;3;10;3
286;599;1357748928728;5;1471;8906;1;1549;3;-1;1739;1739;1;1;1;1;1;1;1;1;1;1
287;599;1357746736324;5;1471;8906;2;1549;2;1;2028;0;0;0;0;0;0;0;0;0;0;0
288;599;1357750149629;5;1471;8906;1;1549;11;5;1622;8;3;0;1;0;1;0;1;0;1;0
289;599;1357748763710;5;1471;8906;1;1549;1;-1;1791;1791;0;0;0;0;0;0;0;0;0;0
290;599;1357746278199;5;1471;8906;2;1549;2;-1;1053;1053;3;3;2;2;1;1;1;1;2;2
291;599;1357753050647;5;1471;8906;2;1549;14;-1;1465;1465;3;3;3;3;3;3;3;3;3;3
292;599;1357753131218;5;1471;8906;2;1549;1;0;378;0;1;0;0;0;0;0;0;0;0;0
293;599;1357747818341;5;1471;8906;2;1549;10;5;1987;7;1;0;0;0;0;0;0;0;0;0
294;599;1357750726453;5;1471;8906;1;1549;2;1;1609;0;0;0;0;0;0;0;0;0;0;0
295;599;1357747777256;5;1471;8906;4;1549;0;-1;1214;1214;6;6;0;0;0;0;0;0;0;0
296;599;1357752788697;6;1471;8906;1;1526;2;1;1584;0;0;0;0;0;0;0;0;0;0;0
297;599;1357745675477;6;1471;8906;2;1526;12;6;1913;6;0;0;0;0;0;0;0;0;0;0
298;599;1357750644488;6;1471;8906;7;1526;15;-1;560;560;39;39;1;1;1;1;1;1;1;1
299;599;1357747613466;6;1471;8906;1;1526;1;0;2048;0;1;0;0;0;0;0;0;0;0;0
300;599;1357751366289;6;1471;8906;1;1526;0;-1;1399;1399;1;1;0;0;0;0;0;0;0;0
301;599;1357751218207;6;1471;8906;1;1526;0;-1;139;139;2;2;0;0;0;0;0;0;0;0
302;599;1357752461702;6;1471;8906;1;1526;9;4;632;3;2;1;2;1;2;1;2;1;2;1
303;599;1357747737537;6;1471;8906;1;1526;0;-1;1426;1426;5;5;0;0;0;0;0;0;0;0
304;599;1357750546995;6;1471;8906;2;1526;7;3;1753;6;3;1;2;1;2;1;2;1;2;1
305;599;1357752775263;6;1471;8906;2;1526;5;2;1968;4;1;1;1;1;1;1;1;1;1;1
306;599;1357750672180;6;1471;8906;1;1526;1;-1;121;121;0;0;0;0;0;0;0;0;0;0
307;599;1357750191198;6;1471;8906;1;1526;1;-1;1683;1683;0;0;0;0;0;0;0;0;0;0
308;599;1357746819145;6;1471;8906;3;1526;11;5;476;1;12;0;2;0;0;0;0;0;0;0
309;599;1357750410038;6;1471;8906;2;1526;2;1;2067;0;0;0;0;0;0;0;0;0;0;0
310;599;1357753023069;6;1471;8906;1;1526;1;-1;533;533;0;0;0;0;0;0;0;0;0;0
311;599;1357746695508;6;1471;8906;2;1526;7;3;1202;4;7;3;5;3;5;3;5;3;5;3
312;599;1357745951913;6;1471;8906;2;1526;2;1;705;0;0;0;0;0;0;0;0;0;0;0
313;599;1357752885291;6;1471;8906;1;1526;1;-1;95;95;0;0;0;0;0;0;0;0;0;0
314;599;1357746944853;6;1471;8906;2;1526;0;-1;1449;1449;0;0;0;0;0;0;0;0;0;0
315;599;1357746103388;6;1471;8906;1;1526;1;-1;122;122;0;0;0;0;0;0;0;0;0;0
316;599;1357752624626;6;1471;8906;2;1526;0;-1;1428;1428;1;1;0;0;0;0;0;0;0;0
317;599;1357748382679;6;1471;8906;2;1526;7;3;566;0;14;1;1;1;1;1;1;1;1;1
318;599;1357752094584;6;1471;8906;1;1526;1;0;641;0;1;0;0;0;0;0;0;0;0;0
319;599;1357747079852;6;1471;8906;2;1526;2;1;1127;0;0;0;0;0;0;0;0;0;0;0
320;599;1357747709482;6;1471;8906;2;1526;2;-1;319;319;1;1;1;1;1;1;1;1;1;1
321;599;1357747367058;6;1471;8906;2;1526;1;-1;586;586;0;0;0;0;0;0;0;0;0;0
322;599;1357749270776;6;1471;8906;1;1526;4;2;1436;2;0;0;0;0;0;0;0;0;0;0
323;599;1357748106788;6;1471;8906;9;1526;0;-1;518;518;16;16;0;0;1037;1037;18;18;0;0
324;599;1357749243419;6;1471;8906;1;1526;1;-1;714;714;0;0;0;0;0;0;0;0;0;0
325;599;1357746998188;6;1471;8906;2;1526;0;-1;1921;1921;13;13;5;5;5;5;5;5;5;5
326;599;1357751920085;6;1471;8906;2;1526;1;0;172;0;2;0;1;0;0;0;0;0;1;0
327;599;1357750944966;6;1471;8906;2;1526;0;-1;1185;1185;1;1;0;0;0;0;0;0;0;0
328;599;1357751755567;6;1471;8906;2;1526;20;10;1063;6;2;2;2;2;2;2;2;2;2;2
329;599;1357753904148;6;1471;8906;2;1526;0;-1;1324;1324;2;2;0;0;0;0;0;0;0;0
330;599;1357751340223;6;1471;8906;2;1526;0;-1;1982;1982;1;1;0;0;0;0;0;0;0;0
331;599;1357753587862;6;1471;8906;1;1526;1;0;924;0;10;0;3;0;0;0;0;0;2;0
332;599;1357748490927;6;1471;8906;2;1526;0;-1;1287;1287;0;0;0;0;0;0;0;0;0;0
333;599;1357750041827;6;1471;8906;1;1526;7;3;979;3;7;3;5;3;5;3;5;3;5;3
334;599;1357750006195;6;1471;8906;1;1526;0;-1;2028;2028;1;1;0;0;0;0;0;0;0;0
335;599;1357748900398;6;1471;8906;2;1526;2;-1;1445;1445;0;0;0;0;0;0;0;0;0;0
336;599;1357746535015;6;1471;8906;2;1526;1;-1;858;858;0;0;0;0;0;0;0;0;0;0
337;599;1357750755322;6;1471;8906;1;1526;1;-1;1173;1173;1;1;1;1;1;1;1;1;1;1
338;599;1357750986181;6;1471;8906;2;1526;1;-1;1154;1154;0;0;0;0;0;0;0;0;0;0
339;599;1357753766639;6;1471;8906;1;1526;1;-1;126;126;0;0;0;0;0;0;0;0;0;0
340;599;1357753354261;6;1471;8906;1;1526;9;-1;1855;1855;0;0;0;0;0;0;0;0;0;0
341;599;1357749256839;6;1471;8906;1;1526;9;4;61;1;3;2;3;2;3;2;3;2;3;2
342;599;1357749312004;6;1471;8906;1;1526;2;1;828;0;0;0;0;0;0;0;0;0;0;0
343;599;1357751657588;6;1471;8906;2;1526;10;5;632;2;3;0;0;0;0;0;0;0;0;0
344;599;1357747790407;6;1471;8906;2;1526;2;1;1306;0;0;0;0;0;0;0;0;0;0;0
345;599;1357750077898;6;1471;8906;2;1526;2;1;1241;0;0;0;0;0;0;0;0;0;0;0
346;599;1357751177411;6;1471;8906;1;1526;1;-1;872;872;1;1;1;1;1;1;1;1;1;1
347;599;1357752041522;6;1471;8906;2;1526;0;-1;2044;2044;0;0;0;0;0;0;0;0;0;0
348;599;1357749596918;6;1471;8906;2;1526;17;-1;642;642;1;1;1;1;1;1;1;1;1;1
349;599;1357751026878;6;1471;8906;1;1526;2;-1;2035;2035;0;0;0;0;0;0;0;0;0;0
350;599;1357751670727;6;1471;8906;2;1526;6;3;697;1;0;0;0;0;0;0;0;0;0;0
351;599;1357748477815;6;1471;8906;3;1526;18;-1;353;353;0;0;0;0;0;0;0;0;0;0
352;599;1357753298882;6;1471;8906;1;1526;3;1;1279;1;1;1;1;1;1;1;1;1;1;1
353;599;1357751973933;6;1471;8906;1;1526;2;1;1018;0;1;1;0;0;0;0;0;0;0;0
354;599;1357747039290;6;1471;8906;2;1526;0;-1;1154;1154;3;3;1;1;1;1;1;1;1;1
355;599;1357749011400;7;1471;8906;1;1572;1;-1;549;549;0;0;0;0;0;0;0;0;0;0
356;599;1357749435184;7;1471;8906;1;1572;1;-1;1046;1046;0;0;0;0;0;0;0;0;0;0
357;599;1357750588879;7;1471;8906;1;1572;1;0;779;0;0;0;0;0;0;0;0;0;0;0
358;599;1357748614936;7;1471;8906;2;1572;1;-1;1083;1083;0;0;0;0;0;0;0;0;0;0
359;599;1357746373602;7;1471;8906;1;1572;1;-1;1848;1848;0;0;0;0;0;0;0;0;0;0
360;599;1357750105090;7;1471;8906;2;1572;2;1;75;0;0;0;0;0;0;0;0;0;0;0
361;599;1357748573830;7;1471;8906;2;1572;2;-1;989;989;1;1;1;1;1;1;1;1;1;1
362;599;1357751629767;7;1471;8906;2;1572;4;2;694;0;0;0;0;0;0;0;0;0;0;0
363;599;1357750244500;7;1471;8906;4;1572;7;3;1736;4;9;0;0;0;0;0;0;0;0;0
364;599;1357750064669;7;1471;8906;2;1572;10;-1;835;835;8;8;0;0;0;0;0;0;0;0
365;599;1357749637752;7;1471;8906;1;1572;8;-1;405;405;0;0;0;0;0;0;0;0;0;0
366;599;1357747272315;7;1471;8906;2;1572;0;-1;322;322;4;4;0;0;0;0;0;0;0;0
367;599;1357749298772;7;1471;8906;2;1572;3;1;1794;2;2;0;0;0;0;0;0;0;0;0
368;599;1357753890699;7;1471;8906;2;1572;0;-1;912;912;1;1;0;0;0;0;0;0;0;0
369;599;1357745703594;7;1471;8906;2;1572;2;1;1192;1;2;0;0;0;0;0;0;0;0;0
370;599;1357751272566;7;1471;8906;1;1572;2;1;1775;1;1;0;0;0;0;0;0;0;0;0
371;599;1357752844571;7;1471;8906;1;1572;0;-1;1516;1516;2;2;1;1;0;0;0;0;0;0
372;599;1357748270970;7;1471;8906;2;1572;0;-1;1404;1404;0;0;0;0;0;0;0;0;0;0
373;599;1357751463116;7;1471;8906;2;1572;1;-1;877;877;0;0;0;0;0;0;0;0;0;0
374;599;1357751056643;7;1471;8906;3;1572;23;11;197;2;1;0;0;0;0;0;0;0;0;0
375;599;1357747804375;7;1471;8906;2;1572;0;-1;459;459;1;1;2;2;1037;1037;35;35;1;1
376;599;1357752719976;7;1471;8906;2;1572;0;-1;1155;1155;4;4;0;0;0;0;0;0;0;0
377;599;1357753559913;7;1471;8906;2;1572;1;-1;691;691;0;0;0;0;0;0;0;0;0;0
378;599;1357752969119;7;1471;8906;1;1572;2;1;1083;0;17;0;0;0;0;0;0;0;0;0
379;599;1357749338627;7;1471;8906;2;1572;24;-1;1898;1898;15;15;15;15;9;9;9;9;12;12
380;599;1357747982550;7;1471;8906;3;1572;11;5;1282;5;1;0;0;0;0;0;0;0;0;0
381;599;1357749801517;7;1471;8906;1;1572;5;2;405;1;9;2;9;2;9;2;9;2;9;2
382;599;1357751042753;7;1471;8906;1;1572;1;0;1347;0;1;0;0;0;0;0;0;0;0;0
383;599;1357747162998;7;1471;8906;2;1572;0;-1;747;747;4;4;0;0;0;0;0;0;0;0
384;599;1357752680279;7;1471;8906;2;1572;18;9;96;3;35;8;35;8;35;8;35;8;35;8
385;599;1357748188392;7;1471;8906;1;1572;0;-1;1881;1881;2;2;1;1;0;0;0;0;0;0
386;599;1357749053739;7;1471;8906;2;1572;1;-1;1662;1662;1;1;1;1;1;1;1;1;1;1
387;599;1357752447786;7;1471;8906;1;1572;1;-1;1368;1368;0;0;0;0;0;0;0;0;0;0
388;599;1357749610352;7;1471;8906;2;1572;0;-1;208;208;2;2;0;0;0;0;0;0;0;0
389;599;1357748886996;7;1471;8906;2;1572;1;-1;1273;1273;2;2;2;2;2;2;2;2;2;2
390;599;1357752177349;7;1471;8906;1;1572;1;-1;1150;1150;0;0;0;0;0;0;0;0;0;0
391;599;1357752761233;7;1471;8906;2;1572;2;1;728;0;0;0;0;0;0;0;0;0;0;0
392;599;1357746643555;7;1471;8906;2;1572;3;1;1588;2;1;0;0;0;0;0;0;0;0;0
393;599;1357746386585;7;1471;8906;1;1572;4;-1;462;462;0;0;0;0;0;0;0;0;0;0
394;599;1357752108575;7;1471;8906;3;1572;0;-1;2;2;1;1;0;0;0;0;0;0;0;0
395;599;1357749788423;7;1471;8906;1;1572;3;1;1342;1;2;0;2;0;2;0;2;0;2;0
396;599;1357747653557;7;1471;8906;1;1572;0;-1;675;675;2;2;0;0;0;0;0;0;0;0
397;599;1357746985283;7;1471;8906;1;1572;0;-1;663;663;0;0;0;0;1037;1037;0;0;0;0
398;599;1357747204101;7;1471;8906;1;1572;1;-1;1807;1807;0;0;0;0;0;0;0;0;0;0
399;599;1357751987431;7;1471;8906;3;1572;10;-1;80;80;8;8;0;0;0;0;0;0;0;0
400;599;1357753740162;7;1471;8906;1;1572;4;2;988;0;2;1;2;1;1;1;1;1;2;1
401;599;1357750686396;7;1471;8906;1;1572;1;-1;925;925;3;3;3;3;3;3;3;3;3;3
402;599;1357748437135;7;1471;8906;2;1572;1;-1;1772;1772;1;1;1;1;1;1;1;1;1;1
403;599;1357752954779;7;1471;8906;1;1572;1;-1;1716;1716;0;0;0;0;0;0;0;0;0;0
404;599;1357749325221;7;1471;8906;2;1572;0;-1;1216;1216;2;2;0;0;0;0;0;0;0;0
405;599;1357749529232;7;1471;8906;2;1572;1;-1;679;679;0;0;0;0;0;0;0;0;0;0
406;599;1357747832408;7;1471;8906;1;1572;0;-1;1617;1617;1;1;1;1;1;1;1;1;1;1
407;599;1357751393428;7;1471;8906;2;1572;7;-1;534;534;4;4;3;3;3;3;3;3;3;3
408;599;1357749229986;7;1471;8906;2;1572;8;4;1721;7;1;0;0;0;0;0;0;0;0;0
409;599;1357753395572;7;1471;8906;2;1572;2;1;1807;0;0;0;0;0;0;0;0;0;0;0
410;599;1357748340263;7;1471;8906;1;1572;1;-1;701;701;0;0;0;0;0;0;0;0;0;0
411;599;1357752270924;7;1471;8906;2;1572;5;2;1009;0;10;2;3;2;3;2;3;2;3;2
412;599;1357752584189;7;1471;8906;3;1572;9;4;306;1;21;1;0;0;0;0;0;0;0;0
413;599;1357752284218;7;1471;8906;2;1572;1;-1;134;134;0;0;0;0;0;0;0;0;0;0
414;599;1357748560302;8;1471;8906;1;1519;5;-1;127;127;0;0;0;0;0;0;0;0;0;0
415;599;1357753849654;8;1471;8906;16;1519;6;-1;1446;1446;82;82;5;5;3;3;3;3;3;3
416;599;1357749569402;8;1471;8906;2;1519;0;-1;1801;1801;1035;1035;1035;1035;1037;1037;1035;1035;1035;1035
417;599;1357750396352;8;1471;8906;2;1519;0;-1;1656;1656;6;6;0;0;0;0;0;0;0;0
418;599;1357746033451;8;1471;8906;2;1519;11;-1;524;524;3;3;3;3;3;3;3;3;3;3
419;599;1357747135164;8;1471;8906;1;1519;0;-1;354;354;1;1;0;0;0;0;0;0;0;0
420;599;1357748064788;8;1471;8906;1;1519;0;-1;47;47;1;1;1;1;0;0;0;0;0;0
421;599;1357751096748;8;1471;8906;1;1519;2;1;1864;0;0;0;0;0;0;0;0;0;0;0
422;599;1357748120316;8;1471;8906;2;1519;2;1;55;0;0;0;0;0;0;0;0;0;0;0
423;599;1357753519180;8;1471;8906;1;1519;2;1;445;0;0;0;0;0;0;0;0;0;0;0
424;599;1357750178089;8;1471;8906;3;1519;14;7;1574;10;1;0;0;0;0;0;0;0;0;0
425;599;1357747913910;8;1471;8906;2;1519;8;4;1180;1;1;1;1;1;1;1;1;1;1;1
426;599;1357748628277;8;1471;8906;2;1519;1;-1;1690;1690;0;0;0;0;0;0;0;0;0;0
427;599;1357749993134;8;1471;8906;1;1519;4;2;1891;2;2;0;2;0;2;0;2;0;2;0
428;599;1357748872894;8;1471;8906;2;1519;1;-1;338;338;0;0;0;0;0;0;0;0;0;0
429;599;1357753313256;8;1471;8906;2;1519;1;0;686;0;1;0;1;0;0;0;0;0;1;0
430;599;1357747052530;8;1471;8906;2;1519;1;-1;266;266;0;0;0;0;0;0;0;0;0;0
431;599;1357749651082;8;1471;8906;2;1519;3;1;1696;1;1;1;0;0;0;0;0;0;0;0
432;599;1357750451146;8;1471;8906;2;1519;5;2;2019;4;15;3;14;3;5;3;5;3;14;3
433;599;1357752857866;8;1471;8906;2;1519;13;6;1650;8;3;1;3;1;3;1;3;1;3;1
434;599;1357749582541;8;1471;8906;1;1519;1;-1;391;391;0;0;0;0;0;0;0;0;0;0
435;599;1357750658126;8;1471;8906;2;1519;9;4;1006;3;3;2;3;2;3;2;3;2;3;2
436;599;1357746005906;8;1471;8906;2;1519;2;1;1232;0;1;1;1;1;1;1;1;1;1;1
437;599;1357748914014;8;1471;8906;2;1519;4;2;1875;2;0;0;0;0;0;0;0;0;0;0
438;599;1357753422023;8;1471;8906;2;1519;0;-1;1701;1701;3;3;0;0;0;0;0;0;0;0
439;599;1357752297656;8;1471;8906;2;1519;3;1;1030;1;1;1;1;1;1;1;1;1;1;1
440;599;1357749816091;8;1471;8906;1;1519;1;0;1556;0;6;0;5;0;0;0;0;0;5;0
441;599;1357751123917;8;1471;8906;2;1519;0;-1;1449;1449;1;1;0;0;0;0;0;0;0;0
442;599;1357747353388;8;1471;8906;3;1519;0;-1;882;882;35;35;7;7;0;0;0;0;0;0
443;599;1357748942319;8;1471;8906;2;1519;1;-1;1888;1888;0;0;0;0;0;0;0;0;0;0
444;599;1357750326490;8;1471;8906;1;1519;1;-1;1716;1716;0;0;0;0;0;0;0;0;0;0
445;599;1357746359272;8;1471;8906;3;1519;0;-1;472;472;21;21;0;0;0;0;0;0;0;0
446;599;1357750298799;8;1471;8906;2;1519;0;-1;1420;1420;1;1;0;0;0;0;0;0;0;0
447;599;1357749501444;8;1471;8906;1;1519;2;-1;1051;1051;0;0;0;0;0;0;0;0;0;0
448;599;1357747695403;8;1471;8906;1;1519;1;-1;1135;1135;1;1;0;0;0;0;0;0;0;0
449;599;1357749420656;8;1471;8906;2;1519;2;-1;584;584;1;1;1;1;1;1;1;1;1;1
450;599;1357753809212;8;1471;8906;1;1519;6;-1;1550;1550;0;0;0;0;0;0;0;0;0;0
451;599;1357749761059;8;1471;8906;1;1519;1;0;50;0;0;0;0;0;0;0;0;0;0;0
452;599;1357750877071;8;1471;8906;1;1519;1;-1;587;587;0;0;0;0;0;0;0;0;0;0
453;599;1357750630606;8;1471;8906;1;1519;1;0;751;0;1;0;0;0;0;0;0;0;0;0
454;599;1357751837362;8;1471;8906;2;1519;2;1;265;0;0;0;0;0;0;0;0;0;0;0
455;599;1357746252014;8;1471;8906;2;1519;8;4;987;4;4;0;0;0;0;0;0;0;0;0
456;599;1357751258951;8;1471;8906;2;1519;3;1;1978;1;1;1;1;1;1;1;1;1;1;1
457;599;1357746131336;8;1471;8906;1;1519;2;1;401;0;0;0;0;0;0;0;0;0;0;0
458;599;1357753917950;8;1471;8906;2;1519;0;-1;845;845;8;8;0;0;0;0;0;0;0;0
459;599;1357753669983;8;1471;8906;1;1519;2;1;1787;0;0;0;0;0;0;0;0;0;0;0
460;599;1357750367968;8;1471;8906;2;1519;0;-1;1858;1858;1;1;0;0;0;0;0;0;0;0
461;599;1357747451226;8;1471;8906;2;1519;1;0;61;0;0;0;0;0;0;0;0;0;0;0
462;599;1357747011103;8;1471;8906;2;1519;4;2;1123;1;15;2;3;2;3;2;3;2;3;2
463;599;1357750423660;8;1471;8906;1;1519;2;1;1520;0;0;0;0;0;0;0;0;0;0;0
464;599;1357753546521;8;1471;8906;2;1519;2;1;1491;0;17;0;0;0;0;0;0;0;0;0
465;599;1357752068170;8;1471;8906;3;1519;0;-1;1222;1222;36;36;1;1;0;0;0;0;1;1
466;599;1357749201642;8;1471;8906;1;1519;1;-1;544;544;0;0;0;0;0;0;0;0;0;0
467;599;1357751615868;8;1471;8906;1;1519;4;2;2023;3;6;3;5;3;5;3;5;3;5;3
468;599;1357751823612;8;1471;8906;1;1519;1;0;2052;0;1;0;0;0;0;0;0;0;0;0
469;599;1357746930904;8;1471;8906;2;1519;1;0;1927;0;11;0;1;0;1;0;1;0;1;0
470;599;1357746089964;8;1471;8906;1;1519;0;-1;84;84;1;1;0;0;0;0;0;0;0;0
471;599;1357749747157;8;1471;8906;1;1519;6;-1;1058;1058;2;2;2;2;2;2;2;2;2;2
472;599;1357748831650;8;1471;8906;2;1519;13;6;406;2;0;0;0;0;0;0;0;0;0;0
473;599;1357748682041;9;1471;8906;2;1455;0;-1;1551;1551;0;0;0;0;0;0;0;0;0;0
474;599;1357746916026;9;1471;8906;2;1455;1;0;1825;0;1;0;0;0;0;0;0;0;0;0
475;599;1357749774957;9;1471;8906;1;1455;2;1;1123;1;0;0;0;0;0;0;0;0;0;0
476;599;1357751560737;9;1471;8906;1;1455;1;0;736;0;1;0;0;0;0;0;0;0;0;0
477;599;1357753367265;9;1471;8906;2;1455;2;1;2069;1;0;0;0;0;0;0;0;0;0;0
478;599;1357751244440;9;1471;8906;3;1455;7;3;79;0;10;1;3;1;3;1;3;1;3;1
479;599;1357752311697;9;1471;8906;1;1455;0;-1;861;861;7;7;2;2;0;0;0;0;0;0
480;599;1357752557608;9;1471;8906;1;1455;1;-1;761;761;0;0;0;0;0;0;0;0;0;0
481;599;1357750382325;9;1471;8906;1;1455;1;-1;1963;1963;0;0;0;0;0;0;0;0;0;0
482;599;1357752983205;9;1471;8906;2;1455;1;0;671;0;1;0;0;0;0;0;0;0;0;0
483;599;1357752000771;9;1471;8906;1;1455;0;-1;1821;1821;18;18;4;4;1;1;1;1;4;4
484;599;1357751110809;9;1471;8906;2;1455;0;-1;843;843;5;5;0;0;0;0;0;0;0;0
485;599;1357750479614;9;1471;8906;2;1455;7;3;1455;3;0;0;0;0;0;0;0;0;0;0
486;599;1357749966174;9;1471;8906;1;1455;1;-1;1985;1985;0;0;0;0;0;0;0;0;0;0
487;599;1357746615716;9;1471;8906;2;1455;1;-1;1995;1995;0;0;0;0;0;0;0;0;0;0
488;599;1357751150160;9;1471;8906;1;1455;4;2;1726;2;2;0;0;0;0;0;0;0;0;0
489;599;1357748695804;9;1471;8906;1;1455;1;-1;752;752;0;0;0;0;0;0;0;0;0;0
490;599;1357746958665;9;1471;8906;2;1455;4;2;619;0;1;1;1;1;1;1;1;1;1;1
491;599;1357746426866;9;1471;8906;1;1455;1;0;1954;0;1;0;0;0;0;0;0;0;0;0
492;599;1357749119728;9;1471;8906;3;1455;0;-1;1674;1674;2;2;1;1;1037;1037;1;1;2;2
493;599;1357753104301;9;1471;8906;2;1455;10;5;999;4;3;0;0;0;0;0;0;0;0;0
494;599;1357750354179;9;1471;8906;1;1455;9;-1;1675;1675;0;0;0;0;0;0;0;0;0;0
495;599;1357748588296;9;1471;8906;2;1455;1;-1;118;118;0;0;0;0;0;0;0;0;0;0
496;599;1357751574484;9;1471;8906;1;1455;4;2;1989;2;3;2;3;2;3;2;3;2;3;2
497;599;1357752148816;9;1471;8906;1;1455;2;1;222;0;0;0;0;0;0;0;0;0;0;0
498;599;1357751533451;9;1471;8906;1;1455;0;-1;1833;1833;1;1;1;1;0;0;0;0;1;1
499;599;1357750918391;9;1471;8906;1;1455;2;1;1003;0;0;0;0;0;0;0;0;0;0;0
500;599;1357750931928;9;1471;8906;3;1455;0;-1;1616;1616;10;10;0;0;0;0;0;0;0;0
501;599;1357751741835;9;1471;8906;1;1455;8;4;1853;3;1;0;1;0;1;0;1;0;1;0
502;599;1357747681938;9;1471;8906;2;1455;0;-1;2016;2016;19;19;0;0;0;0;0;0;0;0
503;599;1357749066739;9;1471;8906;2;1455;5;-1;861;861;3;3;1;1;1;1;1;1;1;1
504;599;1357747066095;9;1471;8906;2;1455;3;-1;633;633;2;2;2;2;2;2;2;2;2;2
505;599;1357752665351;9;1471;8906;1;1455;1;0;5;0;1;0;0;0;0;0;0;0;0;0
506;599;1357745717028;9;1471;8906;2;1455;0;-1;995;995;5;5;0;0;0;0;0;0;0;0
507;599;1357750506740;9;1471;8906;1;1455;1;-1;1976;1976;0;0;0;0;0;0;0;0;0;0
508;599;1357747258823;9;1471;8906;2;1455;0;-1;543;543;6;6;0;0;0;0;0;0;0;0
509;599;1357751946506;9;1471;8906;2;1455;1;-1;1118;1118;0;0;0;0;0;0;0;0;0;0
510;599;1357751808865;9;1471;8906;1;1455;2;1;111;0;0;0;0;0;0;0;0;0;0;0
511;599;1357745813029;9;1471;8906;11;1455;14;-1;983;983;13;13;0;0;0;0;0;0;0;0
512;599;1357747326795;9;1471;8906;19;1455;0;-1;1356;1356;26;26;0;0;0;0;0;0;0;0
513;599;1357748450727;9;1471;8906;1;1455;3;1;842;0;0;0;0;0;0;0;0;0;0;0
514;599;1357751643398;9;1471;8906;1;1455;1;-1;1303;1303;0;0;0;0;0;0;0;0;0;0
515;599;1357746346131;9;1471;8906;2;1455;12;6;24;0;0;0;0;0;0;0;0;0;0;0
516;599;1357748215413;9;1471;8906;2;1455;6;3;1128;3;0;0;0;0;0;0;0;0;0;0
517;599;1357747190168;9;1471;8906;1;1455;6;3;873;0;2;1;2;1;1;1;1;1;2;1
518;599;1357747409847;9;1471;8906;1;1455;2;-1;1385;1385;0;0;0;0;0;0;0;0;0;0
519;599;1357753794235;9;1471;8906;2;1455;1;0;1037;0;1;0;0;0;0;0;0;0;0;0
520;599;1357750574117;9;1471;8906;2;1455;0;-1;1982;1982;1;1;0;0;0;0;0;0;0;0
521;599;1357749038257;9;1471;8906;1;1455;1;-1;292;292;0;0;0;0;0;0;0;0;0;0
522;599;1357752324726;9;1471;8906;1;1455;3;-1;1153;1153;6;6;6;6;6;6;6;6;6;6
523;599;1357745744361;9;1471;8906;2;1455;7;3;1282;3;2;1;1;1;1;1;1;1;1;1
524;599;1357749093433;9;1471;8906;9;1455;17;-1;123;123;9;9;0;0;0;0;0;0;0;0
525;599;1357746508160;9;1471;8906;2;1455;7;3;1404;3;1;1;1;1;1;1;1;1;1;1
526;599;1357752392044;9;1471;8906;1;1455;1;0;665;0;1;0;0;0;0;0;0;0;0;0
527;599;1357747094535;9;1471;8906;1;1455;0;-1;665;665;1;1;0;0;0;0;0;0;0;0
528;599;1357748791208;9;1471;8906;2;1455;4;2;230;0;13;2;6;2;3;2;3;2;6;2
529;599;1357753628102;9;1471;8906;1;1455;2;1;548;0;0;0;0;0;0;0;0;0;0;0
530;599;1357748804829;9;1471;8906;2;1455;2;1;234;0;0;0;0;0;0;0;0;0;0;0
531;599;1357745730463;9;1471;8906;1;1455;2;1;1413;0;1;0;1;0;1;0;1;0;1;0
532;599;1357747764187;10;1471;8906;2;1547;1;-1;1335;1335;0;0;0;0;0;0;0;0;0;0
533;599;1357745992809;10;1471;8906;1;1547;8;4;1413;6;7;3;5;3;5;3;5;3;5;3
534;599;1357752817254;10;1471;8906;1;1547;1;0;237;0;0;0;0;0;0;0;0;0;0;0
535;599;1357752530256;10;1471;8906;2;1547;4;2;1283;1;1;1;1;1;1;1;1;1;1;1
536;599;1357747231429;10;1471;8906;3;1547;9;4;1441;5;20;0;0;0;0;0;0;0;0;0
537;599;1357750493256;10;1471;8906;2;1547;1;-1;730;730;1;1;1;1;1;1;1;1;1;1
538;599;1357747927298;10;1471;8906;2;1547;1;-1;850;850;0;0;0;0;0;0;0;0;0;0
539;599;1357749488522;10;1471;8906;1;1547;1;0;1885;0;1;0;0;0;0;0;0;0;0;0
540;599;1357751865849;10;1471;8906;2;1547;1;0;943;0;1;0;0;0;0;0;0;0;0;0
541;599;1357750836536;10;1471;8906;2;1547;2;-1;1231;1231;1;1;1;1;1;1;1;1;1;1
542;599;1357746629260;10;1471;8906;2;1547;7;-1;1471;1471;4;4;1;1;1;1;1;1;1;1
543;599;1357746562084;10;1471;8906;1;1547;3;1;1972;2;3;1;2;1;2;1;2;1;2;1
544;599;1357746480614;10;1471;8906;2;1547;2;1;1645;0;0;0;0;0;0;0;0;0;0;0
545;599;1357752638437;10;1471;8906;1;1547;1;0;315;0;1;0;0;0;0;0;0;0;0;0
546;599;1357750257808;10;1471;8906;2;1547;3;1;988;1;2;0;2;0;2;0;2;0;2;0
547;599;1357748817921;10;1471;8906;1;1547;8;4;1100;3;9;3;8;3;8;3;8;3;8;3
548;599;1357753435411;10;1471;8906;2;1547;1;-1;1249;1249;1;1;1;1;1;1;1;1;1;1
549;599;1357748641602;10;1471;8906;1;1547;1;-1;209;209;0;0;0;0;0;0;0;0;0;0
550;599;1357750905112;10;1471;8906;2;1547;1;0;1197;0;1;0;0;0;0;0;0;0;0;0
551;599;1357749407295;10;1471;8906;1;1547;1;-1;1869;1869;0;0;0;0;0;0;0;0;0;0
552;599;1357749664843;10;1471;8906;3;1547;16;-1;836;836;1;1;1;1;1;1;1;1;1;1
553;599;1357751204413;10;1471;8906;2;1547;0;-1;1209;1209;0;0;0;0;0;0;0;0;0;0
554;599;1357748656049;10;1471;8906;1;1547;10;5;1024;2;0;0;0;0;0;0;0;0;0;0
555;599;1357746157889;10;1471;8906;2;1547;2;1;912;0;0;0;0;0;0;0;0;0;0;0
556;599;1357751379586;10;1471;8906;1;1547;1;-1;1853;1853;0;0;0;0;0;0;0;0;0;0
557;599;1357750972357;10;1471;8906;3;1547;9;-1;567;567;15;15;3;3;3;3;3;3;3;3
558;599;1357750119848;10;1471;8906;2;1547;1;-1;759;759;0;0;0;0;0;0;0;0;0;0
559;599;1357748504299;10;1471;8906;2;1547;1;-1;1187;1187;0;0;0;0;0;0;0;0;0;0
560;599;1357749448106;10;1471;8906;2;1547;1;-1;1827;1827;0;0;0;0;0;0;0;0;0;0
561;599;1357752121619;10;1471;8906;1;1547;0;-1;1899;1899;3;3;2;2;2;2;2;2;2;2
562;599;1357746589110;10;1471;8906;1;1547;8;4;1422;4;6;2;4;2;4;2;4;2;4;2
563;599;1357752364597;10;1471;8906;1;1547;2;1;15;0;0;0;0;0;0;0;0;0;0;0
564;599;1357746453878;10;1471;8906;2;1547;2;1;1603;1;0;0;0;0;0;0;0;0;0;0
565;599;1357747627170;10;1471;8906;2;1547;0;-1;2062;2062;3;3;0;0;0;0;0;0;0;0
566;599;1357753753602;10;1471;8906;2;1547;2;1;1623;1;1;0;0;0;0;0;0;0;0;0
567;599;1357745688802;10;1471;8906;1;1547;0;-1;1935;1935;15;15;0;0;0;0;0;0;0;0
568;599;1357748174723;10;1471;8906;2;1547;0;-1;726;726;2;2;0;0;0;0;0;0;0;0
569;599;1357753655113;10;1471;8906;2;1547;11;5;1894;9;1;0;1;0;0;0;0;0;0;0
570;599;1357746047247;10;1471;8906;2;1547;2;1;1565;0;0;0;0;0;0;0;0;0;0;0
571;599;1357748737147;10;1471;8906;1;1547;1;-1;473;473;0;0;0;0;0;0;0;0;0;0
572;599;1357748326282;10;1471;8906;2;1547;0;-1;1564;1564;11;11;2;2;1037;1037;3;3;1;1
573;599;1357747121636;10;1471;8906;1;1547;2;1;1401;0;0;0;0;0;0;0;0;0;0;0
574;599;1357749842866;10;1471;8906;1;1547;10;-1;1435;1435;2;2;1;1;1;1;1;1;1;1
575;599;1357750134597;10;1471;8906;2;1547;0;-1;91;91;4;4;0;0;0;0;0;0;0;0
576;599;1357747518792;10;1471;8906;2;1547;0;-1;236;236;8;8;0;0;0;0;0;0;0;0
577;599;1357750091591;10;1471;8906;2;1547;4;2;181;1;0;0;0;0;0;0;0;0;0;0
578;599;1357752351418;10;1471;8906;2;1547;3;1;1063;1;1;0;1;0;1;0;1;0;1;0
579;599;1357749160300;10;1471;8906;1;1547;3;-1;629;629;2;2;2;2;2;2;2;2;2;2
580;599;1357749366408;10;1471;8906;1;1547;1;0;398;0;1;0;0;0;0;0;0;0;0;0
581;599;1357746888983;10;1471;8906;1;1547;0;-1;918;918;3;3;1;1;1;1;1;1;1;1
582;599;1357753490854;10;1471;8906;2;1547;2;1;609;0;0;0;0;0;0;0;0;0;0;0
583;599;1357747845909;10;1471;8906;2;1547;2;1;246;0;1;0;0;0;0;0;0;0;0;0
584;599;1357745938238;10;1471;8906;1;1547;7;3;150;1;1;1;1;1;1;1;1;1;1;1
585;599;1357748422809;10;1471;8906;2;1547;0;-1;1471;1471;1;1;0;0;0;0;0;0;0;0
586;599;1357749911049;10;1471;8906;1;1547;1;0;1922;0;1;0;0;0;0;0;0;0;0;0
587;599;1357748009979;10;1471;8906;3;1547;0;-1;626;626;4;4;0;0;0;0;0;0;0;0
588;599;1357753877668;10;1471;8906;2;1547;1;-1;1401;1401;0;0;0;0;0;0;0;0;0;0
589;599;1357753202534;10;1471;8906;2;1547;1;0;84;0;1;0;0;0;0;0;0;0;0;0
590;599;1357752135116;10;1471;8906;1;1547;6;3;1502;3;1;1;1;1;1;1;1;1;1;1
591;599;1357745771449;10;1471;8906;1;1547;0;-1;2034;2034;0;0;0;0;0;0;0;0;0;0
592;599;1357750230143;10;1471;8906;2;1547;0;-1;635;635;1;1;0;0;0;0;0;0;0;0
593;599;1357746265184;10;1471;8906;2;1547;0;-1;716;716;15;15;0;0;0;0;0;0;0;0
594;599;1357753089626;10;1471;8906;2;1547;8;4;307;1;1;1;1;1;1;1;1;1;1;1
595;599;1357748297614;10;1471;8906;1;1547;2;1;1727;0;0;0;0;0;0;0;0;0;0;0
596;599;1357753381649;10;1471;8906;2;1547;1;-1;79;79;0;0;0;0;0;0;0;0;0;0
597;599;1357752190560;10;1471;8906;1;1547;0;-1;1033;1033;1;1;0;0;0;0;0;0;0;0
598;599;1357747599192;10;1471;8906;1;1547;2;1;809;1;1;1;1;1;1;1;1;1;1;1
599;599;1357753188518;10;1471;8906;2;1547;1;-1;157;157;0;0;0;0;0;0;0;0;0;0
